indicator_id,country_id,year,value,magnitude,qualifier
#indicator+code,#country+code,#date+year,#indicator+value+num,,
200101,TGO,1970,2160.62500,,
200101,TGO,1971,2234.14100,,
200101,TGO,1972,2300.28100,,
200101,TGO,1973,2361.12600,,
200101,TGO,1974,2420.69200,,
200101,TGO,1975,2479.97800,,
200101,TGO,1976,2539.44700,,
200101,TGO,1977,2599.89500,,
200101,TGO,1978,2661.35800,,
200101,TGO,1979,2725.44200,,
200101,TGO,1980,2797.03900,,
200101,TGO,1981,2879.18100,,
200101,TGO,1982,2972.55000,,
200101,TGO,1983,3074.13600,,
200101,TGO,1984,3179.13500,,
200101,TGO,1985,3285.35300,,
200101,TGO,1986,3387.66400,,
200101,TGO,1987,3491.07600,,
200101,TGO,1988,3598.77800,,
200101,TGO,1989,3708.06200,,
200101,TGO,1990,3819.25200,,
200101,TGO,1991,3932.64200,,
200101,TGO,1992,4047.78900,,
200101,TGO,1993,4164.64900,,
200101,TGO,1994,3992.13500,,
200101,TGO,1995,4193.08900,,
200101,TGO,1996,4366.04300,,
200101,TGO,1997,4525.72400,,
200101,TGO,1998,4659.37500,,
200101,TGO,1999,4797.21900,,
200101,TGO,2000,4938.66400,,
200101,TGO,2001,5077.40700,,
200101,TGO,2002,5213.44600,,
200101,TGO,2003,5349.62900,,
200101,TGO,2004,5492.37200,,
200101,TGO,2005,5638.06500,,
200101,TGO,2006,5785.13000,,
200101,TGO,2007,5963.35100,,
200101,TGO,2008,6131.72200,,
200101,TGO,2009,6313.24200,,
200101,TGO,2010,6484.00700,,
200101,TGO,2011,6659.70300,,
200101,TGO,2012,6837.64200,,
200101,TGO,2013,7015.62700,,
200101,TGO,2014,7196.83100,,
200101,TGO,2015,7379.93500,,
200101,TGO,2016,7566.52200,,
200101,TGO,2017,7756.18500,,
200101,TGO,2018,7949.40500,,
200101,TGO,2019,8143.95300,,
200101,TGO,2020,8342.23600,,
200101,TGO,2021,8542.92400,,
200101,TGO,2022,8746.73400,,
200101,TGO,2023,8950.66300,,
200144,TGO,1970,409.14800,,
200144,TGO,1971,423.30500,,
200144,TGO,1972,435.09600,,
200144,TGO,1973,445.55300,,
200144,TGO,1974,455.29700,,
200144,TGO,1975,465.74500,,
200144,TGO,1976,475.78000,,
200144,TGO,1977,486.07900,,
200144,TGO,1978,497.01000,,
200144,TGO,1979,508.99200,,
200144,TGO,1980,522.77500,,
200144,TGO,1981,539.12000,,
200144,TGO,1982,557.99300,,
200144,TGO,1983,578.70200,,
200144,TGO,1984,600.45900,,
200144,TGO,1985,623.06400,,
200144,TGO,1986,645.37800,,
200144,TGO,1987,668.30400,,
200144,TGO,1988,692.29500,,
200144,TGO,1989,716.83700,,
200144,TGO,1990,742.36600,,
200144,TGO,1991,768.70500,,
200144,TGO,1992,795.87800,,
200144,TGO,1993,823.71800,,
200144,TGO,1994,794.47700,,
200144,TGO,1995,838.28100,,
200144,TGO,1996,876.51300,,
200144,TGO,1997,911.99000,,
200144,TGO,1998,942.85000,,
200144,TGO,1999,973.34700,,
200144,TGO,2000,1002.93300,,
200144,TGO,2001,1029.94600,,
200144,TGO,2002,1054.56400,,
200144,TGO,2003,1078.45200,,
200144,TGO,2004,1103.62000,,
200144,TGO,2005,1129.52900,,
200144,TGO,2006,1155.10200,,
200144,TGO,2007,1189.03100,,
200144,TGO,2008,1217.53800,,
200144,TGO,2009,1248.91500,,
200144,TGO,2010,1275.48000,,
200144,TGO,2011,1302.05200,,
200144,TGO,2012,1328.93700,,
200144,TGO,2013,1355.85300,,
200144,TGO,2014,1385.38900,,
200144,TGO,2015,1417.66500,,
200144,TGO,2016,1451.87800,,
200144,TGO,2017,1488.06600,,
200144,TGO,2018,1526.60400,,
200144,TGO,2019,1566.49400,,
200144,TGO,2020,1606.65800,,
200144,TGO,2021,1649.82600,,
200144,TGO,2022,1696.21700,,
200144,TGO,2023,1746.72700,,
200151,TGO,1970,64.08400,,
200151,TGO,1971,65.72900,,
200151,TGO,1972,67.23600,,
200151,TGO,1973,68.67200,,
200151,TGO,1974,70.16500,,
200151,TGO,1975,71.75400,,
200151,TGO,1976,73.44900,,
200151,TGO,1977,75.28800,,
200151,TGO,1978,77.22300,,
200151,TGO,1979,79.25000,,
200151,TGO,1980,81.48000,,
200151,TGO,1981,84.00300,,
200151,TGO,1982,86.84000,,
200151,TGO,1983,89.91700,,
200151,TGO,1984,93.06500,,
200151,TGO,1985,96.25100,,
200151,TGO,1986,99.30300,,
200151,TGO,1987,102.35500,,
200151,TGO,1988,105.48300,,
200151,TGO,1989,108.66000,,
200151,TGO,1990,111.83300,,
200151,TGO,1991,114.95800,,
200151,TGO,1992,118.04300,,
200151,TGO,1993,121.10600,,
200151,TGO,1994,115.63500,,
200151,TGO,1995,120.91800,,
200151,TGO,1996,125.33700,,
200151,TGO,1997,129.35200,,
200151,TGO,1998,132.56400,,
200151,TGO,1999,135.77500,,
200151,TGO,2000,139.02400,,
200151,TGO,2001,142.20800,,
200151,TGO,2002,145.38500,,
200151,TGO,2003,148.72900,,
200151,TGO,2004,152.34700,,
200151,TGO,2005,155.94600,,
200151,TGO,2006,159.68700,,
200151,TGO,2007,164.30000,,
200151,TGO,2008,168.76600,,
200151,TGO,2009,173.76300,,
200151,TGO,2010,178.75700,,
200151,TGO,2011,184.14700,,
200151,TGO,2012,190.52800,,
200151,TGO,2013,197.19700,,
200151,TGO,2014,204.51300,,
200151,TGO,2015,211.56600,,
200151,TGO,2016,219.35900,,
200151,TGO,2017,227.34800,,
200151,TGO,2018,235.85400,,
200151,TGO,2019,244.44200,,
200151,TGO,2020,253.56700,,
200151,TGO,2021,262.80700,,
200151,TGO,2022,272.46400,,
200151,TGO,2023,282.31000,,
200343,TGO,1970,965.31500,,
200343,TGO,1971,1000.91300,,
200343,TGO,1972,1033.49700,,
200343,TGO,1973,1063.96600,,
200343,TGO,1974,1094.15700,,
200343,TGO,1975,1124.34800,,
200343,TGO,1976,1154.66600,,
200343,TGO,1977,1185.47900,,
200343,TGO,1978,1216.32700,,
200343,TGO,1979,1247.83300,,
200343,TGO,1980,1282.27800,,
200343,TGO,1981,1320.97700,,
200343,TGO,1982,1364.28400,,
200343,TGO,1983,1410.79500,,
200343,TGO,1984,1458.38700,,
200343,TGO,1985,1505.55800,,
200343,TGO,1986,1550.16700,,
200343,TGO,1987,1594.47900,,
200343,TGO,1988,1639.92900,,
200343,TGO,1989,1684.96600,,
200343,TGO,1990,1729.66700,,
200343,TGO,1991,1774.40000,,
200343,TGO,1992,1818.74200,,
200343,TGO,1993,1862.82800,,
200343,TGO,1994,1776.60800,,
200343,TGO,1995,1857.48200,,
200343,TGO,1996,1924.68700,,
200343,TGO,1997,1984.85700,,
200343,TGO,1998,2029.00400,,
200343,TGO,1999,2075.37100,,
200343,TGO,2000,2124.33800,,
200343,TGO,2001,2174.57400,,
200343,TGO,2002,2226.01700,,
200343,TGO,2003,2278.72800,,
200343,TGO,2004,2333.15100,,
200343,TGO,2005,2387.87500,,
200343,TGO,2006,2444.54000,,
200343,TGO,2007,2506.93000,,
200343,TGO,2008,2572.55000,,
200343,TGO,2009,2641.17200,,
200343,TGO,2010,2711.15000,,
200343,TGO,2011,2784.37700,,
200343,TGO,2012,2856.97100,,
200343,TGO,2013,2927.87000,,
200343,TGO,2014,2997.04100,,
200343,TGO,2015,3064.14000,,
200343,TGO,2016,3130.37700,,
200343,TGO,2017,3196.18300,,
200343,TGO,2018,3260.84800,,
200343,TGO,2019,3324.31900,,
200343,TGO,2020,3388.23100,,
200343,TGO,2021,3449.89200,,
200343,TGO,2022,3508.92200,,
200343,TGO,2023,3563.01100,,
200345,TGO,1970,722.07800,,
200345,TGO,1971,744.19400,,
200345,TGO,1972,764.45200,,
200345,TGO,1973,782.93500,,
200345,TGO,1974,801.07300,,
200345,TGO,1975,818.13100,,
200345,TGO,1976,835.55200,,
200345,TGO,1977,853.04900,,
200345,TGO,1978,870.79800,,
200345,TGO,1979,889.36700,,
200345,TGO,1980,910.50600,,
200345,TGO,1981,935.08100,,
200345,TGO,1982,963.43300,,
200345,TGO,1983,994.72200,,
200345,TGO,1984,1027.22400,,
200345,TGO,1985,1060.48000,,
200345,TGO,1986,1092.81600,,
200345,TGO,1987,1125.93800,,
200345,TGO,1988,1161.07100,,
200345,TGO,1989,1197.59900,,
200345,TGO,1990,1235.38600,,
200345,TGO,1991,1274.57900,,
200345,TGO,1992,1315.12600,,
200345,TGO,1993,1356.99700,,
200345,TGO,1994,1305.41500,,
200345,TGO,1995,1376.40800,,
200345,TGO,1996,1439.50600,,
200345,TGO,1997,1499.52500,,
200345,TGO,1998,1554.95700,,
200345,TGO,1999,1612.72600,,
200345,TGO,2000,1672.36900,,
200345,TGO,2001,1730.67900,,
200345,TGO,2002,1787.48000,,
200345,TGO,2003,1843.72000,,
200345,TGO,2004,1903.25400,,
200345,TGO,2005,1964.71500,,
200345,TGO,2006,2025.80100,,
200345,TGO,2007,2103.09000,,
200345,TGO,2008,2172.86800,,
200345,TGO,2009,2249.39200,,
200345,TGO,2010,2318.62000,,
200345,TGO,2011,2389.12700,,
200345,TGO,2012,2461.20600,,
200345,TGO,2013,2534.70700,,
200345,TGO,2014,2609.88800,,
200345,TGO,2015,2686.56400,,
200345,TGO,2016,2764.90800,,
200345,TGO,2017,2844.58800,,
200345,TGO,2018,2926.09900,,
200345,TGO,2019,3008.69800,,
200345,TGO,2020,3093.78000,,
200345,TGO,2021,3180.39900,,
200345,TGO,2022,3269.13100,,
200345,TGO,2023,3358.61500,,
DT.TDS.DECT.GN.ZS,TGO,1970,0.69500,,
DT.TDS.DECT.GN.ZS,TGO,1971,0.62973,,
DT.TDS.DECT.GN.ZS,TGO,1972,1.17954,,
DT.TDS.DECT.GN.ZS,TGO,1973,1.22679,,
DT.TDS.DECT.GN.ZS,TGO,1974,1.12167,,
DT.TDS.DECT.GN.ZS,TGO,1975,1.98864,,
DT.TDS.DECT.GN.ZS,TGO,1976,2.74562,,
DT.TDS.DECT.GN.ZS,TGO,1977,5.43606,,
DT.TDS.DECT.GN.ZS,TGO,1978,5.19199,,
DT.TDS.DECT.GN.ZS,TGO,1979,2.53430,,
DT.TDS.DECT.GN.ZS,TGO,1980,3.47936,,
DT.TDS.DECT.GN.ZS,TGO,1981,7.02610,,
DT.TDS.DECT.GN.ZS,TGO,1982,7.85527,,
DT.TDS.DECT.GN.ZS,TGO,1983,5.95538,,
DT.TDS.DECT.GN.ZS,TGO,1984,9.73847,,
DT.TDS.DECT.GN.ZS,TGO,1985,11.14044,,
DT.TDS.DECT.GN.ZS,TGO,1986,10.32506,,
DT.TDS.DECT.GN.ZS,TGO,1987,5.49213,,
DT.TDS.DECT.GN.ZS,TGO,1988,7.20092,,
DT.TDS.DECT.GN.ZS,TGO,1989,5.07675,,
DT.TDS.DECT.GN.ZS,TGO,1990,3.92472,,
DT.TDS.DECT.GN.ZS,TGO,1991,2.52316,,
DT.TDS.DECT.GN.ZS,TGO,1992,1.58922,,
DT.TDS.DECT.GN.ZS,TGO,1993,1.60443,,
DT.TDS.DECT.GN.ZS,TGO,1994,1.78310,,
DT.TDS.DECT.GN.ZS,TGO,1995,1.67629,,
DT.TDS.DECT.GN.ZS,TGO,1996,2.96172,,
DT.TDS.DECT.GN.ZS,TGO,1997,2.78429,,
DT.TDS.DECT.GN.ZS,TGO,1998,1.86756,,
DT.TDS.DECT.GN.ZS,TGO,1999,2.01686,,
DT.TDS.DECT.GN.ZS,TGO,2000,1.51342,,
DT.TDS.DECT.GN.ZS,TGO,2001,1.72667,,
DT.TDS.DECT.GN.ZS,TGO,2002,0.64505,,
DT.TDS.DECT.GN.ZS,TGO,2003,0.67943,,
DT.TDS.DECT.GN.ZS,TGO,2004,0.72400,,
DT.TDS.DECT.GN.ZS,TGO,2005,0.69331,,
DT.TDS.DECT.GN.ZS,TGO,2006,0.84720,,
DT.TDS.DECT.GN.ZS,TGO,2007,0.43059,,
DT.TDS.DECT.GN.ZS,TGO,2008,4.33751,,
DT.TDS.DECT.GN.ZS,TGO,2009,1.17722,,
DT.TDS.DECT.GN.ZS,TGO,2010,0.78617,,
DT.TDS.DECT.GN.ZS,TGO,2011,0.27622,,
DT.TDS.DECT.GN.ZS,TGO,2012,0.44373,,
DT.TDS.DECT.GN.ZS,TGO,2013,0.88928,,
DT.TDS.DECT.GN.ZS,TGO,2014,0.97622,,
DT.TDS.DECT.GN.ZS,TGO,2015,1.04174,,
DT.TDS.DECT.GN.ZS,TGO,2016,1.48783,,
DT.TDS.DECT.GN.ZS,TGO,2017,1.67487,,
DT.TDS.DECT.GN.ZS,TGO,2018,1.65900,,
DT.TDS.DECT.GN.ZS,TGO,2019,1.63934,,
DT.TDS.DECT.GN.ZS,TGO,2020,1.42303,,
DT.TDS.DECT.GN.ZS,TGO,2021,2.02409,,
NY.GDP.DEFL.ZS,TGO,1970,9.89551,,
NY.GDP.DEFL.ZS,TGO,1971,11.12188,,
NY.GDP.DEFL.ZS,TGO,1972,11.08047,,
NY.GDP.DEFL.ZS,TGO,1973,11.42777,,
NY.GDP.DEFL.ZS,TGO,1974,16.23110,,
NY.GDP.DEFL.ZS,TGO,1975,15.53903,,
NY.GDP.DEFL.ZS,TGO,1976,17.74713,,
NY.GDP.DEFL.ZS,TGO,1977,21.41323,,
NY.GDP.DEFL.ZS,TGO,1978,18.77850,,
NY.GDP.DEFL.ZS,TGO,1979,20.19572,,
NY.GDP.DEFL.ZS,TGO,1980,22.30935,,
NY.GDP.DEFL.ZS,TGO,1981,25.13090,,
NY.GDP.DEFL.ZS,TGO,1982,26.91187,,
NY.GDP.DEFL.ZS,TGO,1983,30.74953,,
NY.GDP.DEFL.ZS,TGO,1984,31.32746,,
NY.GDP.DEFL.ZS,TGO,1985,32.39304,,
NY.GDP.DEFL.ZS,TGO,1986,34.20537,,
NY.GDP.DEFL.ZS,TGO,1987,34.77278,,
NY.GDP.DEFL.ZS,TGO,1988,35.67192,,
NY.GDP.DEFL.ZS,TGO,1989,36.02592,,
NY.GDP.DEFL.ZS,TGO,1990,37.09803,,
NY.GDP.DEFL.ZS,TGO,1991,38.08895,,
NY.GDP.DEFL.ZS,TGO,1992,39.32510,,
NY.GDP.DEFL.ZS,TGO,1993,36.10171,,
NY.GDP.DEFL.ZS,TGO,1994,49.04143,,
NY.GDP.DEFL.ZS,TGO,1995,54.47728,,
NY.GDP.DEFL.ZS,TGO,1996,57.41248,,
NY.GDP.DEFL.ZS,TGO,1997,58.58142,,
NY.GDP.DEFL.ZS,TGO,1998,64.17983,,
NY.GDP.DEFL.ZS,TGO,1999,64.89551,,
NY.GDP.DEFL.ZS,TGO,2000,71.41716,,
NY.GDP.DEFL.ZS,TGO,2001,72.58415,,
NY.GDP.DEFL.ZS,TGO,2002,76.23358,,
NY.GDP.DEFL.ZS,TGO,2003,74.02806,,
NY.GDP.DEFL.ZS,TGO,2004,72.61569,,
NY.GDP.DEFL.ZS,TGO,2005,76.88270,,
NY.GDP.DEFL.ZS,TGO,2006,76.49155,,
NY.GDP.DEFL.ZS,TGO,2007,80.29219,,
NY.GDP.DEFL.ZS,TGO,2008,89.74754,,
NY.GDP.DEFL.ZS,TGO,2009,91.16974,,
NY.GDP.DEFL.ZS,TGO,2010,91.74843,,
NY.GDP.DEFL.ZS,TGO,2011,92.73650,,
NY.GDP.DEFL.ZS,TGO,2012,94.32189,,
NY.GDP.DEFL.ZS,TGO,2013,95.94221,,
NY.GDP.DEFL.ZS,TGO,2014,95.86141,,
NY.GDP.DEFL.ZS,TGO,2015,99.19703,,
NY.GDP.DEFL.ZS,TGO,2016,100,,
NY.GDP.DEFL.ZS,TGO,2017,99.56539,,
NY.GDP.DEFL.ZS,TGO,2018,99.56435,,
NY.GDP.DEFL.ZS,TGO,2019,99.57679,,
NY.GDP.DEFL.ZS,TGO,2020,101.36841,,
NY.GDP.DEFL.ZS,TGO,2021,103.91963,,
NY.GDP.DEFL.ZS,TGO,2022,107.72208,,
NY.GDP.MKTP.CD,TGO,1970,345134276.95892,,
NY.GDP.MKTP.CD,TGO,1971,389382093.17124,,
NY.GDP.MKTP.CD,TGO,1972,456159541.70559,,
NY.GDP.MKTP.CD,TGO,1973,552374366.44460,,
NY.GDP.MKTP.CD,TGO,1974,761591056.26165,,
NY.GDP.MKTP.CD,TGO,1975,838891749.34767,,
NY.GDP.MKTP.CD,TGO,1976,841682268.53457,,
NY.GDP.MKTP.CD,TGO,1977,1056473299.68755,,
NY.GDP.MKTP.CD,TGO,1978,1120110135.75725,,
NY.GDP.MKTP.CD,TGO,1979,1211853289.72220,,
NY.GDP.MKTP.CD,TGO,1980,1544290809.92666,,
NY.GDP.MKTP.CD,TGO,1981,1307754354.70263,,
NY.GDP.MKTP.CD,TGO,1982,1116560700.75890,,
NY.GDP.MKTP.CD,TGO,1983,1040589483.74195,,
NY.GDP.MKTP.CD,TGO,1984,975908209.64252,,
NY.GDP.MKTP.CD,TGO,1985,1035987180.13488,,
NY.GDP.MKTP.CD,TGO,1986,1441695857.94158,,
NY.GDP.MKTP.CD,TGO,1987,1697428000.68525,,
NY.GDP.MKTP.CD,TGO,1988,1873745515.35744,,
NY.GDP.MKTP.CD,TGO,1989,1838552523.37741,,
NY.GDP.MKTP.CD,TGO,1990,2212905422.64086,,
NY.GDP.MKTP.CD,TGO,1991,2177399825.45509,,
NY.GDP.MKTP.CD,TGO,1992,2300598696.19391,,
NY.GDP.MKTP.CD,TGO,1993,1676225629.24127,,
NY.GDP.MKTP.CD,TGO,1994,1335309429.65899,,
NY.GDP.MKTP.CD,TGO,1995,1779348593.14893,,
NY.GDP.MKTP.CD,TGO,1996,1991429217.64110,,
NY.GDP.MKTP.CD,TGO,1997,2036956850.59888,,
NY.GDP.MKTP.CD,TGO,1998,2157078792.47130,,
NY.GDP.MKTP.CD,TGO,1999,2142574540.97524,,
NY.GDP.MKTP.CD,TGO,2000,2027363116.95413,,
NY.GDP.MKTP.CD,TGO,2001,2014516700.52675,,
NY.GDP.MKTP.CD,TGO,2002,2319268823.40971,,
NY.GDP.MKTP.CD,TGO,2003,2875255592.53666,,
NY.GDP.MKTP.CD,TGO,2004,3071152629.29590,,
NY.GDP.MKTP.CD,TGO,2005,3100356551.92876,,
NY.GDP.MKTP.CD,TGO,2006,3195618966.30736,,
NY.GDP.MKTP.CD,TGO,2007,3618281293.07928,,
NY.GDP.MKTP.CD,TGO,2008,4516616223.91031,,
NY.GDP.MKTP.CD,TGO,2009,4592147227.90680,,
NY.GDP.MKTP.CD,TGO,2010,4660369658.37123,,
NY.GDP.MKTP.CD,TGO,2011,5262368232.30347,,
NY.GDP.MKTP.CD,TGO,2012,5263522037.22724,,
NY.GDP.MKTP.CD,TGO,2013,5872790935.48729,,
NY.GDP.MKTP.CD,TGO,2014,6217047648.63985,,
NY.GDP.MKTP.CD,TGO,2015,5681469374.10362,,
NY.GDP.MKTP.CD,TGO,2016,6031632014.86013,,
NY.GDP.MKTP.CD,TGO,2017,6395472028.24361,,
NY.GDP.MKTP.CD,TGO,2018,7029217931.75029,,
NY.GDP.MKTP.CD,TGO,2019,6992656428.93581,,
NY.GDP.MKTP.CD,TGO,2020,7389329392.77040,,
NY.GDP.MKTP.CD,TGO,2021,8334047485.51396,,
NY.GDP.MKTP.CD,TGO,2022,8126439480.61302,,
NY.GDP.MKTP.CN,TGO,1970,95396196846.93790,,
NY.GDP.MKTP.CN,TGO,1971,107218873472.35100,,
NY.GDP.MKTP.CN,TGO,1972,114964807040.50999,,
NY.GDP.MKTP.CN,TGO,1973,123118271276.38000,,
NY.GDP.MKTP.CN,TGO,1974,183318522073.39999,,
NY.GDP.MKTP.CN,TGO,1975,179785323875.01801,,
NY.GDP.MKTP.CN,TGO,1976,201120394082.15500,,
NY.GDP.MKTP.CN,TGO,1977,259554029133.19299,,
NY.GDP.MKTP.CN,TGO,1978,252759416241.07599,,
NY.GDP.MKTP.CN,TGO,1979,257787424394.47800,,
NY.GDP.MKTP.CN,TGO,1980,326277075752.32001,,
NY.GDP.MKTP.CN,TGO,1981,355357990382.35999,,
NY.GDP.MKTP.CN,TGO,1982,366908827787.34003,,
NY.GDP.MKTP.CN,TGO,1983,396533309698.46002,,
NY.GDP.MKTP.CN,TGO,1984,426429597400.53998,,
NY.GDP.MKTP.CN,TGO,1985,465430669878.64001,,
NY.GDP.MKTP.CN,TGO,1986,499267786735.22998,,
NY.GDP.MKTP.CN,TGO,1987,510139176249.96002,,
NY.GDP.MKTP.CN,TGO,1988,558091764270.01001,,
NY.GDP.MKTP.CN,TGO,1989,586513514001.81995,,
NY.GDP.MKTP.CN,TGO,1990,602496225658.43994,,
NY.GDP.MKTP.CN,TGO,1991,614259534000,,
NY.GDP.MKTP.CN,TGO,1992,608949611700,,
NY.GDP.MKTP.CN,TGO,1993,474644373000,,
NY.GDP.MKTP.CN,TGO,1994,741370065500,,
NY.GDP.MKTP.CN,TGO,1995,888159049400,,
NY.GDP.MKTP.CN,TGO,1996,1018720456000,,
NY.GDP.MKTP.CN,TGO,1997,1188909326500,,
NY.GDP.MKTP.CN,TGO,1998,1272572461500,,
NY.GDP.MKTP.CN,TGO,1999,1318697528900,,
NY.GDP.MKTP.CN,TGO,2000,1439849458000,,
NY.GDP.MKTP.CN,TGO,2001,1475427384500,,
NY.GDP.MKTP.CN,TGO,2002,1608907458600,,
NY.GDP.MKTP.CN,TGO,2003,1667353317700,,
NY.GDP.MKTP.CN,TGO,2004,1619535584400,,
NY.GDP.MKTP.CN,TGO,2005,1634688919200,,
NY.GDP.MKTP.CN,TGO,2006,1669473235400,,
NY.GDP.MKTP.CN,TGO,2007,1731831429800,,
NY.GDP.MKTP.CN,TGO,2008,2014411023000,,
NY.GDP.MKTP.CN,TGO,2009,2159656640300,,
NY.GDP.MKTP.CN,TGO,2010,2305924166800,,
NY.GDP.MKTP.CN,TGO,2011,2479883797500,,
NY.GDP.MKTP.CN,TGO,2012,2687324538700,,
NY.GDP.MKTP.CN,TGO,2013,2900569234000,,
NY.GDP.MKTP.CN,TGO,2014,3069712846700,,
NY.GDP.MKTP.CN,TGO,2015,3358951155700,,
NY.GDP.MKTP.CN,TGO,2016,3574379000000,,
NY.GDP.MKTP.CN,TGO,2017,3713574000000,,
NY.GDP.MKTP.CN,TGO,2018,3904354205500,,
NY.GDP.MKTP.CN,TGO,2019,4097074413100,,
NY.GDP.MKTP.CN,TGO,2020,4253194581200,,
NY.GDP.MKTP.CN,TGO,2021,4621484977900,,
NY.GDP.MKTP.CN,TGO,2022,5068945459900,,
NY.GDP.MKTP.KD,TGO,1970,1617516555.74935,,
NY.GDP.MKTP.KD,TGO,1971,1617516555.74935,,
NY.GDP.MKTP.KD,TGO,1972,1740854741.47153,,
NY.GDP.MKTP.KD,TGO,1973,1807659763.68106,,
NY.GDP.MKTP.KD,TGO,1974,1895021232.63604,,
NY.GDP.MKTP.KD,TGO,1975,1941270006.25537,,
NY.GDP.MKTP.KD,TGO,1976,1901444413.59992,,
NY.GDP.MKTP.KD,TGO,1977,2033767553.66180,,
NY.GDP.MKTP.KD,TGO,1978,2258406016.83314,,
NY.GDP.MKTP.KD,TGO,1979,2141697405.99228,,
NY.GDP.MKTP.KD,TGO,1980,2453891696.86529,,
NY.GDP.MKTP.KD,TGO,1981,2372540620.97219,,
NY.GDP.MKTP.KD,TGO,1982,2287546665.35484,,
NY.GDP.MKTP.KD,TGO,1983,2163698710.81459,,
NY.GDP.MKTP.KD,TGO,1984,2283904183.61893,,
NY.GDP.MKTP.KD,TGO,1985,2410787671.90502,,
NY.GDP.MKTP.KD,TGO,1986,2449034922.33538,,
NY.GDP.MKTP.KD,TGO,1987,2461528972.30012,,
NY.GDP.MKTP.KD,TGO,1988,2625032828.64362,,
NY.GDP.MKTP.KD,TGO,1989,2731609730.68683,,
NY.GDP.MKTP.KD,TGO,1990,2724953996.00845,,
NY.GDP.MKTP.KD,TGO,1991,2705880203.81599,,
NY.GDP.MKTP.KD,TGO,1992,2598167587.34694,,
NY.GDP.MKTP.KD,TGO,1993,2205952690.56720,,
NY.GDP.MKTP.KD,TGO,1994,2536457663.03824,,
NY.GDP.MKTP.KD,TGO,1995,2735463878.12527,,
NY.GDP.MKTP.KD,TGO,1996,2977175255.50004,,
NY.GDP.MKTP.KD,TGO,1997,3405214982.92128,,
NY.GDP.MKTP.KD,TGO,1998,3326899241.44428,,
NY.GDP.MKTP.KD,TGO,1999,3409464611.13808,,
NY.GDP.MKTP.KD,TGO,2000,3382752151.22273,,
NY.GDP.MKTP.KD,TGO,2001,3410607043.21112,,
NY.GDP.MKTP.KD,TGO,2002,3541118102.42884,,
NY.GDP.MKTP.KD,TGO,2003,3779087309.20337,,
NY.GDP.MKTP.KD,TGO,2004,3742102691.71397,,
NY.GDP.MKTP.KD,TGO,2005,3567484976.92103,,
NY.GDP.MKTP.KD,TGO,2006,3662028041.44038,,
NY.GDP.MKTP.KD,TGO,2007,3618994803.20301,,
NY.GDP.MKTP.KD,TGO,2008,3766007521.91296,,
NY.GDP.MKTP.KD,TGO,2009,3974565665.71314,,
NY.GDP.MKTP.KD,TGO,2010,4216984726.25567,,
NY.GDP.MKTP.KD,TGO,2011,4486795803.07888,,
NY.GDP.MKTP.KD,TGO,2012,4780389601.84216,,
NY.GDP.MKTP.KD,TGO,2013,5072583414.70717,,
NY.GDP.MKTP.KD,TGO,2014,5372910208.72590,,
NY.GDP.MKTP.KD,TGO,2015,5681469374.10362,,
NY.GDP.MKTP.KD,TGO,2016,5997306762.31930,,
NY.GDP.MKTP.KD,TGO,2017,6258054561.41901,,
NY.GDP.MKTP.KD,TGO,2018,6579622962.09683,,
NY.GDP.MKTP.KD,TGO,2019,6903532926.16514,,
NY.GDP.MKTP.KD,TGO,2020,7039928989.13103,,
NY.GDP.MKTP.KD,TGO,2021,7461731406.54581,,
NY.GDP.MKTP.KD,TGO,2022,7895298291.33172,,
NY.GDP.MKTP.KD.ZG,TGO,1970,2.52430,,
NY.GDP.MKTP.KD.ZG,TGO,1971,0,,
NY.GDP.MKTP.KD.ZG,TGO,1972,7.62516,,
NY.GDP.MKTP.KD.ZG,TGO,1973,3.83748,,
NY.GDP.MKTP.KD.ZG,TGO,1974,4.83285,,
NY.GDP.MKTP.KD.ZG,TGO,1975,2.44054,,
NY.GDP.MKTP.KD.ZG,TGO,1976,-2.05152,,
NY.GDP.MKTP.KD.ZG,TGO,1977,6.95909,,
NY.GDP.MKTP.KD.ZG,TGO,1978,11.04543,,
NY.GDP.MKTP.KD.ZG,TGO,1979,-5.16774,,
NY.GDP.MKTP.KD.ZG,TGO,1980,14.57696,,
NY.GDP.MKTP.KD.ZG,TGO,1981,-3.31519,,
NY.GDP.MKTP.KD.ZG,TGO,1982,-3.58240,,
NY.GDP.MKTP.KD.ZG,TGO,1983,-5.41401,,
NY.GDP.MKTP.KD.ZG,TGO,1984,5.55556,,
NY.GDP.MKTP.KD.ZG,TGO,1985,5.55555,,
NY.GDP.MKTP.KD.ZG,TGO,1986,1.58650,,
NY.GDP.MKTP.KD.ZG,TGO,1987,0.51016,,
NY.GDP.MKTP.KD.ZG,TGO,1988,6.64237,,
NY.GDP.MKTP.KD.ZG,TGO,1989,4.06002,,
NY.GDP.MKTP.KD.ZG,TGO,1990,-0.24366,,
NY.GDP.MKTP.KD.ZG,TGO,1991,-0.69997,,
NY.GDP.MKTP.KD.ZG,TGO,1992,-3.98069,,
NY.GDP.MKTP.KD.ZG,TGO,1993,-15.09583,,
NY.GDP.MKTP.KD.ZG,TGO,1994,14.98241,,
NY.GDP.MKTP.KD.ZG,TGO,1995,7.84583,,
NY.GDP.MKTP.KD.ZG,TGO,1996,8.83621,,
NY.GDP.MKTP.KD.ZG,TGO,1997,14.37738,,
NY.GDP.MKTP.KD.ZG,TGO,1998,-2.29988,,
NY.GDP.MKTP.KD.ZG,TGO,1999,2.48175,,
NY.GDP.MKTP.KD.ZG,TGO,2000,-0.78348,,
NY.GDP.MKTP.KD.ZG,TGO,2001,0.82344,,
NY.GDP.MKTP.KD.ZG,TGO,2002,3.82662,,
NY.GDP.MKTP.KD.ZG,TGO,2003,6.72017,,
NY.GDP.MKTP.KD.ZG,TGO,2004,-0.97867,,
NY.GDP.MKTP.KD.ZG,TGO,2005,-4.66630,,
NY.GDP.MKTP.KD.ZG,TGO,2006,2.65013,,
NY.GDP.MKTP.KD.ZG,TGO,2007,-1.17512,,
NY.GDP.MKTP.KD.ZG,TGO,2008,4.06225,,
NY.GDP.MKTP.KD.ZG,TGO,2009,5.53791,,
NY.GDP.MKTP.KD.ZG,TGO,2010,6.09926,,
NY.GDP.MKTP.KD.ZG,TGO,2011,6.39820,,
NY.GDP.MKTP.KD.ZG,TGO,2012,6.54351,,
NY.GDP.MKTP.KD.ZG,TGO,2013,6.11234,,
NY.GDP.MKTP.KD.ZG,TGO,2014,5.92059,,
NY.GDP.MKTP.KD.ZG,TGO,2015,5.74287,,
NY.GDP.MKTP.KD.ZG,TGO,2016,5.55908,,
NY.GDP.MKTP.KD.ZG,TGO,2017,4.34775,,
NY.GDP.MKTP.KD.ZG,TGO,2018,5.13847,,
NY.GDP.MKTP.KD.ZG,TGO,2019,4.92293,,
NY.GDP.MKTP.KD.ZG,TGO,2020,1.97574,,
NY.GDP.MKTP.KD.ZG,TGO,2021,5.99157,,
NY.GDP.MKTP.KD.ZG,TGO,2022,5.81054,,
NY.GDP.MKTP.KN,TGO,1970,964035597670,,
NY.GDP.MKTP.KN,TGO,1971,964035597670,,
NY.GDP.MKTP.KN,TGO,1972,1037544830800,,
NY.GDP.MKTP.KN,TGO,1973,1077360447700,,
NY.GDP.MKTP.KN,TGO,1974,1129427652600,,
NY.GDP.MKTP.KN,TGO,1975,1156991799600,,
NY.GDP.MKTP.KN,TGO,1976,1133255851500,,
NY.GDP.MKTP.KN,TGO,1977,1212120093700,,
NY.GDP.MKTP.KN,TGO,1978,1346004024800,,
NY.GDP.MKTP.KN,TGO,1979,1276446000800,,
NY.GDP.MKTP.KN,TGO,1980,1462512974100,,
NY.GDP.MKTP.KN,TGO,1981,1414027947600,,
NY.GDP.MKTP.KN,TGO,1982,1363371774400,,
NY.GDP.MKTP.KN,TGO,1983,1289558720400,,
NY.GDP.MKTP.KN,TGO,1984,1361200864900,,
NY.GDP.MKTP.KN,TGO,1985,1436823089000,,
NY.GDP.MKTP.KN,TGO,1986,1459618349300,,
NY.GDP.MKTP.KN,TGO,1987,1467064770100,,
NY.GDP.MKTP.KN,TGO,1988,1564512636900,,
NY.GDP.MKTP.KN,TGO,1989,1628032189200,,
NY.GDP.MKTP.KN,TGO,1990,1624065388900,,
NY.GDP.MKTP.KN,TGO,1991,1612697459100,,
NY.GDP.MKTP.KN,TGO,1992,1548501024000,,
NY.GDP.MKTP.KN,TGO,1993,1314741980800,,
NY.GDP.MKTP.KN,TGO,1994,1511722072000,,
NY.GDP.MKTP.KN,TGO,1995,1630329250900,,
NY.GDP.MKTP.KN,TGO,1996,1774388593800,,
NY.GDP.MKTP.KN,TGO,1997,2029499141500,,
NY.GDP.MKTP.KN,TGO,1998,1982823166300,,
NY.GDP.MKTP.KN,TGO,1999,2032031908700,,
NY.GDP.MKTP.KN,TGO,2000,2016111353100,,
NY.GDP.MKTP.KN,TGO,2001,2032712795200,,
NY.GDP.MKTP.KN,TGO,2002,2110497042000,,
NY.GDP.MKTP.KN,TGO,2003,2252326061100,,
NY.GDP.MKTP.KN,TGO,2004,2230283326700,,
NY.GDP.MKTP.KN,TGO,2005,2126211629600,,
NY.GDP.MKTP.KN,TGO,2006,2182559046500,,
NY.GDP.MKTP.KN,TGO,2007,2156911350100,,
NY.GDP.MKTP.KN,TGO,2008,2244530542400,,
NY.GDP.MKTP.KN,TGO,2009,2368830645600,,
NY.GDP.MKTP.KN,TGO,2010,2513311765800,,
NY.GDP.MKTP.KN,TGO,2011,2674118455400,,
NY.GDP.MKTP.KN,TGO,2012,2849099584500,,
NY.GDP.MKTP.KN,TGO,2013,3023246325700,,
NY.GDP.MKTP.KN,TGO,2014,3202240302200,,
NY.GDP.MKTP.KN,TGO,2015,3386140750300,,
NY.GDP.MKTP.KN,TGO,2016,3574379000000,,
NY.GDP.MKTP.KN,TGO,2017,3729784000000,,
NY.GDP.MKTP.KN,TGO,2018,3921437918000,,
NY.GDP.MKTP.KN,TGO,2019,4114487401600,,
NY.GDP.MKTP.KN,TGO,2020,4195779095100,,
NY.GDP.MKTP.KN,TGO,2021,4447172222500,,
NY.GDP.MKTP.KN,TGO,2022,4705576941400,,
NY.GDP.MKTP.PP.CD,TGO,1990,4270188010.11364,,
NY.GDP.MKTP.PP.CD,TGO,1991,4383694852.58515,,
NY.GDP.MKTP.PP.CD,TGO,1992,4305117439.09988,,
NY.GDP.MKTP.PP.CD,TGO,1993,3741865567.08621,,
NY.GDP.MKTP.PP.CD,TGO,1994,4394363706.22491,,
NY.GDP.MKTP.PP.CD,TGO,1995,4838513135.74767,,
NY.GDP.MKTP.PP.CD,TGO,1996,5362474160.20518,,
NY.GDP.MKTP.PP.CD,TGO,1997,6239224575.95072,,
NY.GDP.MKTP.PP.CD,TGO,1998,6164339572.26382,,
NY.GDP.MKTP.PP.CD,TGO,1999,6406348945.38606,,
NY.GDP.MKTP.PP.CD,TGO,2000,6500158263.58123,,
NY.GDP.MKTP.PP.CD,TGO,2001,6701334443.11646,,
NY.GDP.MKTP.PP.CD,TGO,2002,7066208237.32697,,
NY.GDP.MKTP.PP.CD,TGO,2003,7689900040.98752,,
NY.GDP.MKTP.PP.CD,TGO,2004,7819049707.87858,,
NY.GDP.MKTP.PP.CD,TGO,2005,7687939706.07621,,
NY.GDP.MKTP.PP.CD,TGO,2006,8135184603.26534,,
NY.GDP.MKTP.PP.CD,TGO,2007,8256858348.37111,,
NY.GDP.MKTP.PP.CD,TGO,2008,8757066843.83743,,
NY.GDP.MKTP.PP.CD,TGO,2009,9301262608.75262,,
NY.GDP.MKTP.PP.CD,TGO,2010,9987170377.12783,,
NY.GDP.MKTP.PP.CD,TGO,2011,10846950808.19100,,
NY.GDP.MKTP.PP.CD,TGO,2012,11296061595.17670,,
NY.GDP.MKTP.PP.CD,TGO,2013,12052998307.46100,,
NY.GDP.MKTP.PP.CD,TGO,2014,12885260003.44280,,
NY.GDP.MKTP.PP.CD,TGO,2015,13905697351.70650,,
NY.GDP.MKTP.PP.CD,TGO,2016,14675975035.17060,,
NY.GDP.MKTP.PP.CD,TGO,2017,15491186678.27940,,
NY.GDP.MKTP.PP.CD,TGO,2018,16678750775.33570,,
NY.GDP.MKTP.PP.CD,TGO,2019,17813768167.48580,,
NY.GDP.MKTP.PP.CD,TGO,2020,18402769135.52410,,
NY.GDP.MKTP.PP.CD,TGO,2021,20381720698.54760,,
NY.GDP.MKTP.PP.CD,TGO,2022,23076767060.89260,,
NY.GDP.MKTP.PP.KD,TGO,1990,6745350432.40635,,
NY.GDP.MKTP.PP.KD,TGO,1991,6698135172.03809,,
NY.GDP.MKTP.PP.KD,TGO,1992,6431503388.47793,,
NY.GDP.MKTP.PP.KD,TGO,1993,5460614732.20529,,
NY.GDP.MKTP.PP.KD,TGO,1994,6278746657.45450,,
NY.GDP.MKTP.PP.KD,TGO,1995,6771366591.93971,,
NY.GDP.MKTP.PP.KD,TGO,1996,7369698874.34914,,
NY.GDP.MKTP.PP.KD,TGO,1997,8429268307.32938,,
NY.GDP.MKTP.PP.KD,TGO,1998,8235405540.68822,,
NY.GDP.MKTP.PP.KD,TGO,1999,8439787835.94225,,
NY.GDP.MKTP.PP.KD,TGO,2000,8373663819.42507,,
NY.GDP.MKTP.PP.KD,TGO,2001,8442615812.00688,,
NY.GDP.MKTP.PP.KD,TGO,2002,8765682854.97992,,
NY.GDP.MKTP.PP.KD,TGO,2003,9354751769.23215,,
NY.GDP.MKTP.PP.KD,TGO,2004,9263200056.45464,,
NY.GDP.MKTP.PP.KD,TGO,2005,8830951409.42805,,
NY.GDP.MKTP.PP.KD,TGO,2006,9064983287.42332,,
NY.GDP.MKTP.PP.KD,TGO,2007,8958458820.37638,,
NY.GDP.MKTP.PP.KD,TGO,2008,9322374067.08218,,
NY.GDP.MKTP.PP.KD,TGO,2009,9838638843.48762,,
NY.GDP.MKTP.PP.KD,TGO,2010,10438722924.63150,,
NY.GDP.MKTP.PP.KD,TGO,2011,11106613195.94740,,
NY.GDP.MKTP.PP.KD,TGO,2012,11833375211.13760,,
NY.GDP.MKTP.PP.KD,TGO,2013,12556671701.58940,,
NY.GDP.MKTP.PP.KD,TGO,2014,13300100571.53170,,
NY.GDP.MKTP.PP.KD,TGO,2015,14063907851.45370,,
NY.GDP.MKTP.PP.KD,TGO,2016,14845731642.34750,,
NY.GDP.MKTP.PP.KD,TGO,2017,15491186678.27940,,
NY.GDP.MKTP.PP.KD,TGO,2018,16287197015.97230,,
NY.GDP.MKTP.PP.KD,TGO,2019,17089003659.08970,,
NY.GDP.MKTP.PP.KD,TGO,2020,17426638438.85230,,
NY.GDP.MKTP.PP.KD,TGO,2021,18470768036.22030,,
NY.GDP.MKTP.PP.KD,TGO,2022,19544019393.14290,,
NY.GDP.PCAP.CD,TGO,1970,157.06605,,
NY.GDP.PCAP.CD,TGO,1971,171.74497,,
NY.GDP.PCAP.CD,TGO,1972,195.71749,,
NY.GDP.PCAP.CD,TGO,1973,231.03111,,
NY.GDP.PCAP.CD,TGO,1974,310.81099,,
NY.GDP.PCAP.CD,TGO,1975,334.25804,,
NY.GDP.PCAP.CD,TGO,1976,327.54476,,
NY.GDP.PCAP.CD,TGO,1977,401.60528,,
NY.GDP.PCAP.CD,TGO,1978,415.87218,,
NY.GDP.PCAP.CD,TGO,1979,438.88010,,
NY.GDP.PCAP.CD,TGO,1980,544.12648,,
NY.GDP.PCAP.CD,TGO,1981,446.96333,,
NY.GDP.PCAP.CD,TGO,1982,369.31327,,
NY.GDP.PCAP.CD,TGO,1983,332.81451,,
NY.GDP.PCAP.CD,TGO,1984,301.92900,,
NY.GDP.PCAP.CD,TGO,1985,310.50043,,
NY.GDP.PCAP.CD,TGO,1986,419.17440,,
NY.GDP.PCAP.CD,TGO,1987,478.83299,,
NY.GDP.PCAP.CD,TGO,1988,512.87438,,
NY.GDP.PCAP.CD,TGO,1989,488.50162,,
NY.GDP.PCAP.CD,TGO,1990,570.93284,,
NY.GDP.PCAP.CD,TGO,1991,545.68484,,
NY.GDP.PCAP.CD,TGO,1992,560.27180,,
NY.GDP.PCAP.CD,TGO,1993,411.00160,,
NY.GDP.PCAP.CD,TGO,1994,326.27316,,
NY.GDP.PCAP.CD,TGO,1995,415.77781,,
NY.GDP.PCAP.CD,TGO,1996,447.92659,,
NY.GDP.PCAP.CD,TGO,1997,443.53504,,
NY.GDP.PCAP.CD,TGO,1998,456.20628,,
NY.GDP.PCAP.CD,TGO,1999,440.13979,,
NY.GDP.PCAP.CD,TGO,2000,404.82207,,
NY.GDP.PCAP.CD,TGO,2001,391.51602,,
NY.GDP.PCAP.CD,TGO,2002,439.12755,,
NY.GDP.PCAP.CD,TGO,2003,530.39201,,
NY.GDP.PCAP.CD,TGO,2004,551.84768,,
NY.GDP.PCAP.CD,TGO,2005,542.81781,,
NY.GDP.PCAP.CD,TGO,2006,544.00552,,
NY.GDP.PCAP.CD,TGO,2007,598.30660,,
NY.GDP.PCAP.CD,TGO,2008,725.85445,,
NY.GDP.PCAP.CD,TGO,2009,717.67730,,
NY.GDP.PCAP.CD,TGO,2010,709.14067,,
NY.GDP.PCAP.CD,TGO,2011,779.76352,,
NY.GDP.PCAP.CD,TGO,2012,759.89597,,
NY.GDP.PCAP.CD,TGO,2013,826.42861,,
NY.GDP.PCAP.CD,TGO,2014,853.00781,,
NY.GDP.PCAP.CD,TGO,2015,760.24291,,
NY.GDP.PCAP.CD,TGO,2016,787.28016,,
NY.GDP.PCAP.CD,TGO,2017,814.41984,,
NY.GDP.PCAP.CD,TGO,2018,873.55516,,
NY.GDP.PCAP.CD,TGO,2019,848.30483,,
NY.GDP.PCAP.CD,TGO,2020,875.24541,,
NY.GDP.PCAP.CD,TGO,2021,964.05001,,
NY.GDP.PCAP.CD,TGO,2022,918.37676,,
NY.GDP.PCAP.CN,TGO,1970,43413.55005,,
NY.GDP.PCAP.CN,TGO,1971,47291.08736,,
NY.GDP.PCAP.CN,TGO,1972,49326.21519,,
NY.GDP.PCAP.CN,TGO,1973,51494.33595,,
NY.GDP.PCAP.CN,TGO,1974,74813.65694,,
NY.GDP.PCAP.CN,TGO,1975,71635.81010,,
NY.GDP.PCAP.CN,TGO,1976,78266.98207,,
NY.GDP.PCAP.CN,TGO,1977,98666.26010,,
NY.GDP.PCAP.CN,TGO,1978,93843.99504,,
NY.GDP.PCAP.CN,TGO,1979,93359.29669,,
NY.GDP.PCAP.CN,TGO,1980,114962.80121,,
NY.GDP.PCAP.CN,TGO,1981,121453.99408,,
NY.GDP.PCAP.CN,TGO,1982,121358.65093,,
NY.GDP.PCAP.CN,TGO,1983,126824.30463,,
NY.GDP.PCAP.CN,TGO,1984,131929.89063,,
NY.GDP.PCAP.CN,TGO,1985,139496.34464,,
NY.GDP.PCAP.CN,TGO,1986,145162.56952,,
NY.GDP.PCAP.CN,TGO,1987,143906.82128,,
NY.GDP.PCAP.CN,TGO,1988,152758.72040,,
NY.GDP.PCAP.CN,TGO,1989,155836.06955,,
NY.GDP.PCAP.CN,TGO,1990,155444.90821,,
NY.GDP.PCAP.CN,TGO,1991,153941.46280,,
NY.GDP.PCAP.CN,TGO,1992,148299.35074,,
NY.GDP.PCAP.CN,TGO,1993,116380.27267,,
NY.GDP.PCAP.CN,TGO,1994,181148.38775,,
NY.GDP.PCAP.CN,TGO,1995,207534.84101,,
NY.GDP.PCAP.CN,TGO,1996,229137.93638,,
NY.GDP.PCAP.CN,TGO,1997,258877.81875,,
NY.GDP.PCAP.CN,TGO,1998,269139.70537,,
NY.GDP.PCAP.CN,TGO,1999,270894.31217,,
NY.GDP.PCAP.CN,TGO,2000,287507.86646,,
NY.GDP.PCAP.CN,TGO,2001,286745.42876,,
NY.GDP.PCAP.CN,TGO,2002,304628.58709,,
NY.GDP.PCAP.CN,TGO,2003,307572.95889,,
NY.GDP.PCAP.CN,TGO,2004,291010.26849,,
NY.GDP.PCAP.CN,TGO,2005,286205.22757,,
NY.GDP.PCAP.CN,TGO,2006,284202.42200,,
NY.GDP.PCAP.CN,TGO,2007,286369.71213,,
NY.GDP.PCAP.CN,TGO,2008,323731.11292,,
NY.GDP.PCAP.CN,TGO,2009,337518.91661,,
NY.GDP.PCAP.CN,TGO,2010,350878.73466,,
NY.GDP.PCAP.CN,TGO,2011,367462.48706,,
NY.GDP.PCAP.CN,TGO,2012,387969.70516,,
NY.GDP.PCAP.CN,TGO,2013,408172.77828,,
NY.GDP.PCAP.CN,TGO,2014,421178.86048,,
NY.GDP.PCAP.CN,TGO,2015,449464.50265,,
NY.GDP.PCAP.CN,TGO,2016,466546.64437,,
NY.GDP.PCAP.CN,TGO,2017,472898.37567,,
NY.GDP.PCAP.CN,TGO,2018,485213.11780,,
NY.GDP.PCAP.CN,TGO,2019,497031.14063,,
NY.GDP.PCAP.CN,TGO,2020,503779.00845,,
NY.GDP.PCAP.CN,TGO,2021,534595.30291,,
NY.GDP.PCAP.CN,TGO,2022,572846.41052,,
NY.GDP.PCAP.PP.CD,TGO,1990,1101.71476,,
NY.GDP.PCAP.PP.CD,TGO,1991,1098.61119,,
NY.GDP.PCAP.PP.CD,TGO,1992,1048.43834,,
NY.GDP.PCAP.PP.CD,TGO,1993,917.48551,,
NY.GDP.PCAP.PP.CD,TGO,1994,1073.73084,,
NY.GDP.PCAP.PP.CD,TGO,1995,1130.60837,,
NY.GDP.PCAP.PP.CD,TGO,1996,1206.16628,,
NY.GDP.PCAP.PP.CD,TGO,1997,1358.55343,,
NY.GDP.PCAP.PP.CD,TGO,1998,1303.71243,,
NY.GDP.PCAP.PP.CD,TGO,1999,1316.02847,,
NY.GDP.PCAP.PP.CD,TGO,2000,1297.94585,,
NY.GDP.PCAP.PP.CD,TGO,2001,1302.38671,,
NY.GDP.PCAP.PP.CD,TGO,2002,1337.90730,,
NY.GDP.PCAP.PP.CD,TGO,2003,1418.53876,,
NY.GDP.PCAP.PP.CD,TGO,2004,1404.98534,,
NY.GDP.PCAP.PP.CD,TGO,2005,1346.02279,,
NY.GDP.PCAP.PP.CD,TGO,2006,1384.89142,,
NY.GDP.PCAP.PP.CD,TGO,2007,1365.32581,,
NY.GDP.PCAP.PP.CD,TGO,2008,1407.32699,,
NY.GDP.PCAP.PP.CD,TGO,2009,1453.63481,,
NY.GDP.PCAP.PP.CD,TGO,2010,1519.68818,,
NY.GDP.PCAP.PP.CD,TGO,2011,1607.27189,,
NY.GDP.PCAP.PP.CD,TGO,2012,1630.81519,,
NY.GDP.PCAP.PP.CD,TGO,2013,1696.11735,,
NY.GDP.PCAP.PP.CD,TGO,2014,1767.91752,,
NY.GDP.PCAP.PP.CD,TGO,2015,1860.73481,,
NY.GDP.PCAP.PP.CD,TGO,2016,1915.58503,,
NY.GDP.PCAP.PP.CD,TGO,2017,1972.69720,,
NY.GDP.PCAP.PP.CD,TGO,2018,2072.74961,,
NY.GDP.PCAP.PP.CD,TGO,2019,2161.05362,,
NY.GDP.PCAP.PP.CD,TGO,2020,2179.75656,,
NY.GDP.PCAP.PP.CD,TGO,2021,2357.67772,,
NY.GDP.PCAP.PP.CD,TGO,2022,2607.92768,,
NY.GDP.PCAP.PP.KD,TGO,1990,1740.31029,,
NY.GDP.PCAP.PP.KD,TGO,1991,1678.64017,,
NY.GDP.PCAP.PP.KD,TGO,1992,1566.28358,,
NY.GDP.PCAP.PP.KD,TGO,1993,1338.91365,,
NY.GDP.PCAP.PP.KD,TGO,1994,1534.16612,,
NY.GDP.PCAP.PP.KD,TGO,1995,1582.25544,,
NY.GDP.PCAP.PP.KD,TGO,1996,1657.64571,,
NY.GDP.PCAP.PP.KD,TGO,1997,1835.42222,,
NY.GDP.PCAP.PP.KD,TGO,1998,1741.72763,,
NY.GDP.PCAP.PP.KD,TGO,1999,1733.74900,,
NY.GDP.PCAP.PP.KD,TGO,2000,1672.04579,,
NY.GDP.PCAP.PP.KD,TGO,2001,1640.80016,,
NY.GDP.PCAP.PP.KD,TGO,2002,1659.68376,,
NY.GDP.PCAP.PP.KD,TGO,2003,1725.65026,,
NY.GDP.PCAP.PP.KD,TGO,2004,1664.48108,,
NY.GDP.PCAP.PP.KD,TGO,2005,1546.14400,,
NY.GDP.PCAP.PP.KD,TGO,2006,1543.17551,,
NY.GDP.PCAP.PP.KD,TGO,2007,1481.34006,,
NY.GDP.PCAP.PP.KD,TGO,2008,1498.17614,,
NY.GDP.PCAP.PP.KD,TGO,2009,1537.61791,,
NY.GDP.PCAP.PP.KD,TGO,2010,1588.39824,,
NY.GDP.PCAP.PP.KD,TGO,2011,1645.74796,,
NY.GDP.PCAP.PP.KD,TGO,2012,1708.38729,,
NY.GDP.PCAP.PP.KD,TGO,2013,1766.99508,,
NY.GDP.PCAP.PP.KD,TGO,2014,1824.83557,,
NY.GDP.PCAP.PP.KD,TGO,2015,1881.90511,,
NY.GDP.PCAP.PP.KD,TGO,2016,1937.74255,,
NY.GDP.PCAP.PP.KD,TGO,2017,1972.69720,,
NY.GDP.PCAP.PP.KD,TGO,2018,2024.08932,,
NY.GDP.PCAP.PP.KD,TGO,2019,2073.12978,,
NY.GDP.PCAP.PP.KD,TGO,2020,2064.13661,,
NY.GDP.PCAP.PP.KD,TGO,2021,2136.62619,,
NY.GDP.PCAP.PP.KD,TGO,2022,2208.68846,,
NY.GNP.MKTP.CN,TGO,1970,94152430046.93790,,
NY.GNP.MKTP.CN,TGO,1971,105951120472.35100,,
NY.GNP.MKTP.CN,TGO,1972,113020681640.50999,,
NY.GNP.MKTP.CN,TGO,1973,120275163976.38000,,
NY.GNP.MKTP.CN,TGO,1974,183414802673.39999,,
NY.GNP.MKTP.CN,TGO,1975,178756629875.01801,,
NY.GNP.MKTP.CN,TGO,1976,200188488582.15500,,
NY.GNP.MKTP.CN,TGO,1977,256311062133.19299,,
NY.GNP.MKTP.CN,TGO,1978,248156052941.07599,,
NY.GNP.MKTP.CN,TGO,1979,253150113394.47800,,
NY.GNP.MKTP.CN,TGO,1980,317847048952.32001,,
NY.GNP.MKTP.CN,TGO,1981,343755120082.35999,,
NY.GNP.MKTP.CN,TGO,1982,354008836187.34003,,
NY.GNP.MKTP.CN,TGO,1983,380033310998.46002,,
NY.GNP.MKTP.CN,TGO,1984,409529599700.53998,,
NY.GNP.MKTP.CN,TGO,1985,448830663178.64001,,
NY.GNP.MKTP.CN,TGO,1986,484567799835.22998,,
NY.GNP.MKTP.CN,TGO,1987,495539164449.96002,,
NY.GNP.MKTP.CN,TGO,1988,543691735570.01001,,
NY.GNP.MKTP.CN,TGO,1989,573913497101.81995,,
NY.GNP.MKTP.CN,TGO,1990,594196222358.43994,,
NY.GNP.MKTP.CN,TGO,1991,605579520200,,
NY.GNP.MKTP.CN,TGO,1992,601679604900,,
NY.GNP.MKTP.CN,TGO,1993,467194371600,,
NY.GNP.MKTP.CN,TGO,1994,712790078000,,
NY.GNP.MKTP.CN,TGO,1995,865936840400,,
NY.GNP.MKTP.CN,TGO,1996,1005214215500,,
NY.GNP.MKTP.CN,TGO,1997,1172041263300,,
NY.GNP.MKTP.CN,TGO,1998,1258774659500,,
NY.GNP.MKTP.CN,TGO,1999,1294961675800,,
NY.GNP.MKTP.CN,TGO,2000,1419213527400,,
NY.GNP.MKTP.CN,TGO,2001,1453907090500,,
NY.GNP.MKTP.CN,TGO,2002,1593790851700,,
NY.GNP.MKTP.CN,TGO,2003,1653723556300,,
NY.GNP.MKTP.CN,TGO,2004,1601805950500,,
NY.GNP.MKTP.CN,TGO,2005,1616106919200,,
NY.GNP.MKTP.CN,TGO,2006,1649710235400,,
NY.GNP.MKTP.CN,TGO,2007,1717327429800,,
NY.GNP.MKTP.CN,TGO,2008,2007661222300,,
NY.GNP.MKTP.CN,TGO,2009,2150665640100,,
NY.GNP.MKTP.CN,TGO,2010,2294300167300,,
NY.GNP.MKTP.CN,TGO,2011,2590064531900,,
NY.GNP.MKTP.CN,TGO,2012,2690375238500,,
NY.GNP.MKTP.CN,TGO,2013,2913042833100,,
NY.GNP.MKTP.CN,TGO,2014,3092504288900,,
NY.GNP.MKTP.CN,TGO,2015,3442100404600,,
NY.GNP.MKTP.CN,TGO,2016,3600219740000,,
NY.GNP.MKTP.CN,TGO,2017,3716476520000,,
NY.GNP.MKTP.CN,TGO,2018,3915096355600,,
NY.GNP.MKTP.CN,TGO,2019,4110036352700,,
NY.GNP.MKTP.CN,TGO,2020,4262783356200,,
NY.GNP.MKTP.CN,TGO,2021,4633898735500,,
NY.GNP.MKTP.CN,TGO,2022,5082638862999.13960,,
NY.GNP.PCAP.CD,TGO,1970,170,,
NY.GNP.PCAP.CD,TGO,1971,170,,
NY.GNP.PCAP.CD,TGO,1972,190,,
NY.GNP.PCAP.CD,TGO,1973,220,,
NY.GNP.PCAP.CD,TGO,1974,290,,
NY.GNP.PCAP.CD,TGO,1975,340,,
NY.GNP.PCAP.CD,TGO,1976,350,,
NY.GNP.PCAP.CD,TGO,1977,380,,
NY.GNP.PCAP.CD,TGO,1978,430,,
NY.GNP.PCAP.CD,TGO,1979,450,,
NY.GNP.PCAP.CD,TGO,1980,550,,
NY.GNP.PCAP.CD,TGO,1981,510,,
NY.GNP.PCAP.CD,TGO,1982,420,,
NY.GNP.PCAP.CD,TGO,1983,330,,
NY.GNP.PCAP.CD,TGO,1984,310,,
NY.GNP.PCAP.CD,TGO,1985,310,,
NY.GNP.PCAP.CD,TGO,1986,340,,
NY.GNP.PCAP.CD,TGO,1987,410,,
NY.GNP.PCAP.CD,TGO,1988,520,,
NY.GNP.PCAP.CD,TGO,1989,530,,
NY.GNP.PCAP.CD,TGO,1990,530,,
NY.GNP.PCAP.CD,TGO,1991,530,,
NY.GNP.PCAP.CD,TGO,1992,550,,
NY.GNP.PCAP.CD,TGO,1993,450,,
NY.GNP.PCAP.CD,TGO,1994,420,,
NY.GNP.PCAP.CD,TGO,1995,410,,
NY.GNP.PCAP.CD,TGO,1996,420,,
NY.GNP.PCAP.CD,TGO,1997,470,,
NY.GNP.PCAP.CD,TGO,1998,430,,
NY.GNP.PCAP.CD,TGO,1999,420,,
NY.GNP.PCAP.CD,TGO,2000,410,,
NY.GNP.PCAP.CD,TGO,2001,390,,
NY.GNP.PCAP.CD,TGO,2002,400,,
NY.GNP.PCAP.CD,TGO,2003,470,,
NY.GNP.PCAP.CD,TGO,2004,520,,
NY.GNP.PCAP.CD,TGO,2005,540,,
NY.GNP.PCAP.CD,TGO,2006,550,,
NY.GNP.PCAP.CD,TGO,2007,560,,
NY.GNP.PCAP.CD,TGO,2008,630,,
NY.GNP.PCAP.CD,TGO,2009,710,,
NY.GNP.PCAP.CD,TGO,2010,740,,
NY.GNP.PCAP.CD,TGO,2011,800,,
NY.GNP.PCAP.CD,TGO,2012,790,,
NY.GNP.PCAP.CD,TGO,2013,830,,
NY.GNP.PCAP.CD,TGO,2014,850,,
NY.GNP.PCAP.CD,TGO,2015,850,,
NY.GNP.PCAP.CD,TGO,2016,810,,
NY.GNP.PCAP.CD,TGO,2017,790,,
NY.GNP.PCAP.CD,TGO,2018,860,,
NY.GNP.PCAP.CD,TGO,2019,880,,
NY.GNP.PCAP.CD,TGO,2020,880,,
NY.GNP.PCAP.CD,TGO,2021,940,,
NY.GNP.PCAP.CD,TGO,2022,990,,
NY.GNP.PCAP.CN,TGO,1970,42847.52819,,
NY.GNP.PCAP.CN,TGO,1971,46731.91885,,
NY.GNP.PCAP.CN,TGO,1972,48492.07863,,
NY.GNP.PCAP.CN,TGO,1973,50305.20358,,
NY.GNP.PCAP.CN,TGO,1974,74852.94977,,
NY.GNP.PCAP.CN,TGO,1975,71225.92499,,
NY.GNP.PCAP.CN,TGO,1976,77904.32650,,
NY.GNP.PCAP.CN,TGO,1977,97433.48622,,
NY.GNP.PCAP.CN,TGO,1978,92134.86780,,
NY.GNP.PCAP.CN,TGO,1979,91679.86607,,
NY.GNP.PCAP.CN,TGO,1980,111992.50521,,
NY.GNP.PCAP.CN,TGO,1981,117488.37355,,
NY.GNP.PCAP.CN,TGO,1982,117091.85368,,
NY.GNP.PCAP.CN,TGO,1983,121547.06609,,
NY.GNP.PCAP.CN,TGO,1984,126701.32567,,
NY.GNP.PCAP.CN,TGO,1985,134521.08108,,
NY.GNP.PCAP.CN,TGO,1986,140888.53477,,
NY.GNP.PCAP.CN,TGO,1987,139788.25642,,
NY.GNP.PCAP.CN,TGO,1988,148817.20020,,
NY.GNP.PCAP.CN,TGO,1989,152488.25733,,
NY.GNP.PCAP.CN,TGO,1990,153303.49521,,
NY.GNP.PCAP.CN,TGO,1991,151766.13796,,
NY.GNP.PCAP.CN,TGO,1992,146528.86388,,
NY.GNP.PCAP.CN,TGO,1993,114553.57200,,
NY.GNP.PCAP.CN,TGO,1994,174165.07551,,
NY.GNP.PCAP.CN,TGO,1995,202342.20956,,
NY.GNP.PCAP.CN,TGO,1996,226100.01556,,
NY.GNP.PCAP.CN,TGO,1997,255204.89996,,
NY.GNP.PCAP.CN,TGO,1998,266221.57185,,
NY.GNP.PCAP.CN,TGO,1999,266018.35885,,
NY.GNP.PCAP.CN,TGO,2000,283387.30209,,
NY.GNP.PCAP.CN,TGO,2001,282563.01626,,
NY.GNP.PCAP.CN,TGO,2002,301766.42707,,
NY.GNP.PCAP.CN,TGO,2003,305058.70711,,
NY.GNP.PCAP.CN,TGO,2004,287824.47525,,
NY.GNP.PCAP.CN,TGO,2005,282951.84678,,
NY.GNP.PCAP.CN,TGO,2006,280838.07189,,
NY.GNP.PCAP.CN,TGO,2007,283971.38038,,
NY.GNP.PCAP.CN,TGO,2008,322646.36881,,
NY.GNP.PCAP.CN,TGO,2009,336113.77073,,
NY.GNP.PCAP.CN,TGO,2010,349109.97995,,
NY.GNP.PCAP.CN,TGO,2011,383788.77087,,
NY.GNP.PCAP.CN,TGO,2012,388410.13544,,
NY.GNP.PCAP.CN,TGO,2013,409928.08325,,
NY.GNP.PCAP.CN,TGO,2014,424305.95221,,
NY.GNP.PCAP.CN,TGO,2015,460590.78406,,
NY.GNP.PCAP.CN,TGO,2016,469919.51292,,
NY.GNP.PCAP.CN,TGO,2017,473267.99184,,
NY.GNP.PCAP.CN,TGO,2018,486548.09712,,
NY.GNP.PCAP.CN,TGO,2019,498603.60111,,
NY.GNP.PCAP.CN,TGO,2020,504914.77205,,
NY.GNP.PCAP.CN,TGO,2021,536031.27783,,
NY.GNP.PCAP.CN,TGO,2022,574393.91520,,
NY.GNP.PCAP.PP.CD,TGO,1990,1090,,
NY.GNP.PCAP.PP.CD,TGO,1991,1080,,
NY.GNP.PCAP.PP.CD,TGO,1992,1040,,
NY.GNP.PCAP.PP.CD,TGO,1993,900,,
NY.GNP.PCAP.PP.CD,TGO,1994,1030,,
NY.GNP.PCAP.PP.CD,TGO,1995,1100,,
NY.GNP.PCAP.PP.CD,TGO,1996,1190,,
NY.GNP.PCAP.PP.CD,TGO,1997,1340,,
NY.GNP.PCAP.PP.CD,TGO,1998,1290,,
NY.GNP.PCAP.PP.CD,TGO,1999,1290,,
NY.GNP.PCAP.PP.CD,TGO,2000,1280,,
NY.GNP.PCAP.PP.CD,TGO,2001,1280,,
NY.GNP.PCAP.PP.CD,TGO,2002,1330,,
NY.GNP.PCAP.PP.CD,TGO,2003,1410,,
NY.GNP.PCAP.PP.CD,TGO,2004,1390,,
NY.GNP.PCAP.PP.CD,TGO,2005,1330,,
NY.GNP.PCAP.PP.CD,TGO,2006,1370,,
NY.GNP.PCAP.PP.CD,TGO,2007,1350,,
NY.GNP.PCAP.PP.CD,TGO,2008,1400,,
NY.GNP.PCAP.PP.CD,TGO,2009,1450,,
NY.GNP.PCAP.PP.CD,TGO,2010,1510,,
NY.GNP.PCAP.PP.CD,TGO,2011,1680,,
NY.GNP.PCAP.PP.CD,TGO,2012,1630,,
NY.GNP.PCAP.PP.CD,TGO,2013,1700,,
NY.GNP.PCAP.PP.CD,TGO,2014,1780,,
NY.GNP.PCAP.PP.CD,TGO,2015,1910,,
NY.GNP.PCAP.PP.CD,TGO,2016,1930,,
NY.GNP.PCAP.PP.CD,TGO,2017,1970,,
NY.GNP.PCAP.PP.CD,TGO,2018,2080,,
NY.GNP.PCAP.PP.CD,TGO,2019,2170,,
NY.GNP.PCAP.PP.CD,TGO,2020,2180,,
NY.GNP.PCAP.PP.CD,TGO,2021,2360,,
NY.GNP.PCAP.PP.CD,TGO,2022,2610,,
PA.NUS.ATLS,TGO,1970,276.40314,,
PA.NUS.ATLS,TGO,1971,275.35646,,
PA.NUS.ATLS,TGO,1972,252.02763,,
PA.NUS.ATLS,TGO,1973,222.88918,,
PA.NUS.ATLS,TGO,1974,240.70467,,
PA.NUS.ATLS,TGO,1975,214.31290,,
PA.NUS.ATLS,TGO,1976,238.95049,,
PA.NUS.ATLS,TGO,1977,245.67969,,
PA.NUS.ATLS,TGO,1978,225.65586,,
PA.NUS.ATLS,TGO,1979,212.72164,,
PA.NUS.ATLS,TGO,1980,211.27956,,
PA.NUS.ATLS,TGO,1981,271.73145,,
PA.NUS.ATLS,TGO,1982,328.60625,,
PA.NUS.ATLS,TGO,1983,381.06604,,
PA.NUS.ATLS,TGO,1984,436.95667,,
PA.NUS.ATLS,TGO,1985,449.26296,,
PA.NUS.ATLS,TGO,1986,346.30590,,
PA.NUS.ATLS,TGO,1987,300.53656,,
PA.NUS.ATLS,TGO,1988,297.84822,,
PA.NUS.ATLS,TGO,1989,319.00830,,
PA.NUS.ATLS,TGO,1990,272.26479,,
PA.NUS.ATLS,TGO,1991,282.10691,,
PA.NUS.ATLS,TGO,1992,264.69180,,
PA.NUS.ATLS,TGO,1993,283.16258,,
PA.NUS.ATLS,TGO,1994,555.20470,,
PA.NUS.ATLS,TGO,1995,499.14843,,
PA.NUS.ATLS,TGO,1996,511.55243,,
PA.NUS.ATLS,TGO,1997,583.66937,,
PA.NUS.ATLS,TGO,1998,589.95177,,
PA.NUS.ATLS,TGO,1999,615.47335,,
PA.NUS.ATLS,TGO,2000,710.20798,,
PA.NUS.ATLS,TGO,2001,732.39769,,
PA.NUS.ATLS,TGO,2002,693.71323,,
PA.NUS.ATLS,TGO,2003,579.89743,,
PA.NUS.ATLS,TGO,2004,527.33803,,
PA.NUS.ATLS,TGO,2005,527.25836,,
PA.NUS.ATLS,TGO,2006,522.42562,,
PA.NUS.ATLS,TGO,2007,478.63372,,
PA.NUS.ATLS,TGO,2008,446.00004,,
PA.NUS.ATLS,TGO,2009,470.29342,,
PA.NUS.ATLS,TGO,2010,494.79426,,
PA.NUS.ATLS,TGO,2011,471.24863,,
PA.NUS.ATLS,TGO,2012,510.55634,,
PA.NUS.ATLS,TGO,2013,493.89962,,
PA.NUS.ATLS,TGO,2014,493.75733,,
PA.NUS.ATLS,TGO,2015,591.21170,,
PA.NUS.ATLS,TGO,2016,592.60562,,
PA.NUS.ATLS,TGO,2017,580.65675,,
PA.NUS.ATLS,TGO,2018,555.44646,,
PA.NUS.ATLS,TGO,2019,585.91101,,
PA.NUS.ATLS,TGO,2020,575.58600,,
PA.NUS.ATLS,TGO,2021,554.53068,,
PA.NUS.ATLS,TGO,2022,623.75970,,
PA.NUS.FCRF,TGO,1970,276.40314,,
PA.NUS.FCRF,TGO,1971,275.35646,,
PA.NUS.FCRF,TGO,1972,252.02763,,
PA.NUS.FCRF,TGO,1973,222.88918,,
PA.NUS.FCRF,TGO,1974,240.70467,,
PA.NUS.FCRF,TGO,1975,214.31290,,
PA.NUS.FCRF,TGO,1976,238.95049,,
PA.NUS.FCRF,TGO,1977,245.67969,,
PA.NUS.FCRF,TGO,1978,225.65586,,
PA.NUS.FCRF,TGO,1979,212.72164,,
PA.NUS.FCRF,TGO,1980,211.27956,,
PA.NUS.FCRF,TGO,1981,271.73145,,
PA.NUS.FCRF,TGO,1982,328.60625,,
PA.NUS.FCRF,TGO,1983,381.06604,,
PA.NUS.FCRF,TGO,1984,436.95667,,
PA.NUS.FCRF,TGO,1985,449.26296,,
PA.NUS.FCRF,TGO,1986,346.30590,,
PA.NUS.FCRF,TGO,1987,300.53656,,
PA.NUS.FCRF,TGO,1988,297.84822,,
PA.NUS.FCRF,TGO,1989,319.00830,,
PA.NUS.FCRF,TGO,1990,272.26479,,
PA.NUS.FCRF,TGO,1991,282.10691,,
PA.NUS.FCRF,TGO,1992,264.69180,,
PA.NUS.FCRF,TGO,1993,283.16258,,
PA.NUS.FCRF,TGO,1994,555.20470,,
PA.NUS.FCRF,TGO,1995,499.14843,,
PA.NUS.FCRF,TGO,1996,511.55243,,
PA.NUS.FCRF,TGO,1997,583.66937,,
PA.NUS.FCRF,TGO,1998,589.95177,,
PA.NUS.FCRF,TGO,1999,615.47335,,
PA.NUS.FCRF,TGO,2000,710.20798,,
PA.NUS.FCRF,TGO,2001,732.39769,,
PA.NUS.FCRF,TGO,2002,693.71323,,
PA.NUS.FCRF,TGO,2003,579.89743,,
PA.NUS.FCRF,TGO,2004,527.33803,,
PA.NUS.FCRF,TGO,2005,527.25836,,
PA.NUS.FCRF,TGO,2006,522.42562,,
PA.NUS.FCRF,TGO,2007,478.63372,,
PA.NUS.FCRF,TGO,2008,446.00004,,
PA.NUS.FCRF,TGO,2009,470.29342,,
PA.NUS.FCRF,TGO,2010,494.79426,,
PA.NUS.FCRF,TGO,2011,471.24863,,
PA.NUS.FCRF,TGO,2012,510.55634,,
PA.NUS.FCRF,TGO,2013,493.89962,,
PA.NUS.FCRF,TGO,2014,493.75733,,
PA.NUS.FCRF,TGO,2015,591.21170,,
PA.NUS.FCRF,TGO,2016,592.60562,,
PA.NUS.FCRF,TGO,2017,580.65675,,
PA.NUS.FCRF,TGO,2018,555.44646,,
PA.NUS.FCRF,TGO,2019,585.91101,,
PA.NUS.FCRF,TGO,2020,575.58600,,
PA.NUS.FCRF,TGO,2021,554.53068,,
PA.NUS.FCRF,TGO,2022,623.75970,,
PA.NUS.PPP,TGO,1990,141.09361,,
PA.NUS.PPP,TGO,1991,140.12370,,
PA.NUS.PPP,TGO,1992,141.44785,,
PA.NUS.PPP,TGO,1993,126.84699,,
PA.NUS.PPP,TGO,1994,168.70931,,
PA.NUS.PPP,TGO,1995,183.56033,,
PA.NUS.PPP,TGO,1996,189.97210,,
PA.NUS.PPP,TGO,1997,190.55402,,
PA.NUS.PPP,TGO,1998,206.44101,,
PA.NUS.PPP,TGO,1999,205.84229,,
PA.NUS.PPP,TGO,2000,221.50991,,
PA.NUS.PPP,TGO,2001,220.16919,,
PA.NUS.PPP,TGO,2002,227.69035,,
PA.NUS.PPP,TGO,2003,216.82380,,
PA.NUS.PPP,TGO,2004,207.12691,,
PA.NUS.PPP,TGO,2005,212.63030,,
PA.NUS.PPP,TGO,2006,205.21639,,
PA.NUS.PPP,TGO,2007,209.74460,,
PA.NUS.PPP,TGO,2008,230.03262,,
PA.NUS.PPP,TGO,2009,232.18962,,
PA.NUS.PPP,TGO,2010,230.88864,,
PA.NUS.PPP,TGO,2011,228.62497,,
PA.NUS.PPP,TGO,2012,237.89925,,
PA.NUS.PPP,TGO,2013,240.65126,,
PA.NUS.PPP,TGO,2014,238.23445,,
PA.NUS.PPP,TGO,2015,241.55215,,
PA.NUS.PPP,TGO,2016,243.55309,,
PA.NUS.PPP,TGO,2017,239.72173,,
PA.NUS.PPP,TGO,2018,234.09153,,
PA.NUS.PPP,TGO,2019,229.99482,,
PA.NUS.PPP,TGO,2020,231.11710,,
PA.NUS.PPP,TGO,2021,226.74656,,
PA.NUS.PPP,TGO,2022,219.65579,,
PA.NUS.PPPC.RF,TGO,1990,0.51822,,
PA.NUS.PPPC.RF,TGO,1991,0.49670,,
PA.NUS.PPPC.RF,TGO,1992,0.53439,,
PA.NUS.PPPC.RF,TGO,1993,0.44797,,
PA.NUS.PPPC.RF,TGO,1994,0.30387,,
PA.NUS.PPPC.RF,TGO,1995,0.36775,,
PA.NUS.PPPC.RF,TGO,1996,0.37136,,
PA.NUS.PPPC.RF,TGO,1997,0.32648,,
PA.NUS.PPPC.RF,TGO,1998,0.34993,,
PA.NUS.PPPC.RF,TGO,1999,0.33445,,
PA.NUS.PPPC.RF,TGO,2000,0.31189,,
PA.NUS.PPPC.RF,TGO,2001,0.30061,,
PA.NUS.PPPC.RF,TGO,2002,0.32822,,
PA.NUS.PPPC.RF,TGO,2003,0.37390,,
PA.NUS.PPPC.RF,TGO,2004,0.39278,,
PA.NUS.PPPC.RF,TGO,2005,0.40328,,
PA.NUS.PPPC.RF,TGO,2006,0.39281,,
PA.NUS.PPPC.RF,TGO,2007,0.43822,,
PA.NUS.PPPC.RF,TGO,2008,0.51577,,
PA.NUS.PPPC.RF,TGO,2009,0.49371,,
PA.NUS.PPPC.RF,TGO,2010,0.46664,,
PA.NUS.PPPC.RF,TGO,2011,0.48515,,
PA.NUS.PPPC.RF,TGO,2012,0.46596,,
PA.NUS.PPPC.RF,TGO,2013,0.48725,,
PA.NUS.PPPC.RF,TGO,2014,0.48249,,
PA.NUS.PPPC.RF,TGO,2015,0.40857,,
PA.NUS.PPPC.RF,TGO,2016,0.41099,,
PA.NUS.PPPC.RF,TGO,2017,0.41285,,
PA.NUS.PPPC.RF,TGO,2018,0.42145,,
PA.NUS.PPPC.RF,TGO,2019,0.39254,,
PA.NUS.PPPC.RF,TGO,2020,0.40153,,
PA.NUS.PPPC.RF,TGO,2021,0.40890,,
PA.NUS.PPPC.RF,TGO,2022,0.35215,,
PA.NUS.PRVT.PP,TGO,1990,154.03368,,
PA.NUS.PRVT.PP,TGO,1991,148.34745,,
PA.NUS.PRVT.PP,TGO,1992,145.99323,,
PA.NUS.PRVT.PP,TGO,1993,140.37972,,
PA.NUS.PRVT.PP,TGO,1994,190.39195,,
PA.NUS.PRVT.PP,TGO,1995,215.63067,,
PA.NUS.PRVT.PP,TGO,1996,219.30993,,
PA.NUS.PRVT.PP,TGO,1997,231.98180,,
PA.NUS.PRVT.PP,TGO,1998,230.66386,,
PA.NUS.PRVT.PP,TGO,1999,225.60482,,
PA.NUS.PRVT.PP,TGO,2000,222.30019,,
PA.NUS.PRVT.PP,TGO,2001,224.66405,,
PA.NUS.PRVT.PP,TGO,2002,227.92343,,
PA.NUS.PRVT.PP,TGO,2003,220.79156,,
PA.NUS.PRVT.PP,TGO,2004,215.87983,,
PA.NUS.PRVT.PP,TGO,2005,222.95839,,
PA.NUS.PRVT.PP,TGO,2006,220.80504,,
PA.NUS.PRVT.PP,TGO,2007,216.71108,,
PA.NUS.PRVT.PP,TGO,2008,226.84493,,
PA.NUS.PRVT.PP,TGO,2009,236.10853,,
PA.NUS.PRVT.PP,TGO,2010,235.65764,,
PA.NUS.PRVT.PP,TGO,2011,236.58667,,
PA.NUS.PRVT.PP,TGO,2012,235.47948,,
PA.NUS.PRVT.PP,TGO,2013,242.91333,,
PA.NUS.PRVT.PP,TGO,2014,240.28052,,
PA.NUS.PRVT.PP,TGO,2015,246.84634,,
PA.NUS.PRVT.PP,TGO,2016,248.34349,,
PA.NUS.PRVT.PP,TGO,2017,246.59648,,
PA.NUS.PRVT.PP,TGO,2018,242.95004,,
PA.NUS.PRVT.PP,TGO,2019,240.23553,,
PA.NUS.PRVT.PP,TGO,2020,241.34068,,
PA.NUS.PRVT.PP,TGO,2021,240.16128,,
PA.NUS.PRVT.PP,TGO,2022,240.08295,,
SH.DYN.AIDS.ZS,TGO,1990,0.70000,,
SH.DYN.AIDS.ZS,TGO,1991,0.90000,,
SH.DYN.AIDS.ZS,TGO,1992,1.20000,,
SH.DYN.AIDS.ZS,TGO,1993,1.60000,,
SH.DYN.AIDS.ZS,TGO,1994,2,,
SH.DYN.AIDS.ZS,TGO,1995,2.40000,,
SH.DYN.AIDS.ZS,TGO,1996,2.80000,,
SH.DYN.AIDS.ZS,TGO,1997,3.10000,,
SH.DYN.AIDS.ZS,TGO,1998,3.40000,,
SH.DYN.AIDS.ZS,TGO,1999,3.60000,,
SH.DYN.AIDS.ZS,TGO,2000,3.70000,,
SH.DYN.AIDS.ZS,TGO,2001,3.70000,,
SH.DYN.AIDS.ZS,TGO,2002,3.70000,,
SH.DYN.AIDS.ZS,TGO,2003,3.60000,,
SH.DYN.AIDS.ZS,TGO,2004,3.50000,,
SH.DYN.AIDS.ZS,TGO,2005,3.30000,,
SH.DYN.AIDS.ZS,TGO,2006,3.20000,,
SH.DYN.AIDS.ZS,TGO,2007,3.10000,,
SH.DYN.AIDS.ZS,TGO,2008,3,,
SH.DYN.AIDS.ZS,TGO,2009,2.90000,,
SH.DYN.AIDS.ZS,TGO,2010,2.80000,,
SH.DYN.AIDS.ZS,TGO,2011,2.70000,,
SH.DYN.AIDS.ZS,TGO,2012,2.60000,,
SH.DYN.AIDS.ZS,TGO,2013,2.60000,,
SH.DYN.AIDS.ZS,TGO,2014,2.50000,,
SH.DYN.AIDS.ZS,TGO,2015,2.40000,,
SH.DYN.AIDS.ZS,TGO,2016,2.30000,,
SH.DYN.AIDS.ZS,TGO,2017,2.20000,,
SH.DYN.AIDS.ZS,TGO,2018,2.10000,,
SH.DYN.AIDS.ZS,TGO,2019,2,,
SH.DYN.AIDS.ZS,TGO,2020,2,,
SH.DYN.AIDS.ZS,TGO,2021,1.90000,,
SI.POV.LMIC,TGO,2006,81.40000,,
SI.POV.LMIC,TGO,2011,79.10000,,
SI.POV.LMIC,TGO,2015,77.40000,,
SI.POV.LMIC,TGO,2018,56.90000,,
SP.DYN.IMRT.IN,TGO,1970,133.30000,,
SP.DYN.IMRT.IN,TGO,1971,130.60000,,
SP.DYN.IMRT.IN,TGO,1972,128,,
SP.DYN.IMRT.IN,TGO,1973,125.40000,,
SP.DYN.IMRT.IN,TGO,1974,122.80000,,
SP.DYN.IMRT.IN,TGO,1975,120.20000,,
SP.DYN.IMRT.IN,TGO,1976,117.60000,,
SP.DYN.IMRT.IN,TGO,1977,115.20000,,
SP.DYN.IMRT.IN,TGO,1978,112.70000,,
SP.DYN.IMRT.IN,TGO,1979,110.30000,,
SP.DYN.IMRT.IN,TGO,1980,107.90000,,
SP.DYN.IMRT.IN,TGO,1981,105.70000,,
SP.DYN.IMRT.IN,TGO,1982,103.50000,,
SP.DYN.IMRT.IN,TGO,1983,101.50000,,
SP.DYN.IMRT.IN,TGO,1984,99.60000,,
SP.DYN.IMRT.IN,TGO,1985,97.80000,,
SP.DYN.IMRT.IN,TGO,1986,96.20000,,
SP.DYN.IMRT.IN,TGO,1987,94.70000,,
SP.DYN.IMRT.IN,TGO,1988,93.30000,,
SP.DYN.IMRT.IN,TGO,1989,92.10000,,
SP.DYN.IMRT.IN,TGO,1990,90.90000,,
SP.DYN.IMRT.IN,TGO,1991,89.80000,,
SP.DYN.IMRT.IN,TGO,1992,88.70000,,
SP.DYN.IMRT.IN,TGO,1993,87.50000,,
SP.DYN.IMRT.IN,TGO,1994,86.20000,,
SP.DYN.IMRT.IN,TGO,1995,84.80000,,
SP.DYN.IMRT.IN,TGO,1996,83.20000,,
SP.DYN.IMRT.IN,TGO,1997,81.50000,,
SP.DYN.IMRT.IN,TGO,1998,79.60000,,
SP.DYN.IMRT.IN,TGO,1999,77.70000,,
SP.DYN.IMRT.IN,TGO,2000,75.70000,,
SP.DYN.IMRT.IN,TGO,2001,73.80000,,
SP.DYN.IMRT.IN,TGO,2002,71.80000,,
SP.DYN.IMRT.IN,TGO,2003,69.90000,,
SP.DYN.IMRT.IN,TGO,2004,68.10000,,
SP.DYN.IMRT.IN,TGO,2005,66.30000,,
SP.DYN.IMRT.IN,TGO,2006,64.60000,,
SP.DYN.IMRT.IN,TGO,2007,63,,
SP.DYN.IMRT.IN,TGO,2008,61.50000,,
SP.DYN.IMRT.IN,TGO,2009,59.90000,,
SP.DYN.IMRT.IN,TGO,2010,58.30000,,
SP.DYN.IMRT.IN,TGO,2011,56.80000,,
SP.DYN.IMRT.IN,TGO,2012,55.30000,,
SP.DYN.IMRT.IN,TGO,2013,53.80000,,
SP.DYN.IMRT.IN,TGO,2014,52.30000,,
SP.DYN.IMRT.IN,TGO,2015,50.90000,,
SP.DYN.IMRT.IN,TGO,2016,49.50000,,
SP.DYN.IMRT.IN,TGO,2017,48.20000,,
SP.DYN.IMRT.IN,TGO,2018,46.80000,,
SP.DYN.IMRT.IN,TGO,2019,45.60000,,
SP.DYN.IMRT.IN,TGO,2020,44.50000,,
SP.DYN.IMRT.IN,TGO,2021,43.40000,,
SP.DYN.LE00.IN,TGO,1970,46.12000,,
SP.DYN.LE00.IN,TGO,1971,46.58700,,
SP.DYN.LE00.IN,TGO,1972,47.08900,,
SP.DYN.LE00.IN,TGO,1973,47.59700,,
SP.DYN.LE00.IN,TGO,1974,48.09900,,
SP.DYN.LE00.IN,TGO,1975,48.72900,,
SP.DYN.LE00.IN,TGO,1976,49.32800,,
SP.DYN.LE00.IN,TGO,1977,49.76000,,
SP.DYN.LE00.IN,TGO,1978,50.23200,,
SP.DYN.LE00.IN,TGO,1979,50.76500,,
SP.DYN.LE00.IN,TGO,1980,51.22700,,
SP.DYN.LE00.IN,TGO,1981,51.76400,,
SP.DYN.LE00.IN,TGO,1982,52.25600,,
SP.DYN.LE00.IN,TGO,1983,52.63500,,
SP.DYN.LE00.IN,TGO,1984,53.08900,,
SP.DYN.LE00.IN,TGO,1985,53.43200,,
SP.DYN.LE00.IN,TGO,1986,53.71300,,
SP.DYN.LE00.IN,TGO,1987,54.05100,,
SP.DYN.LE00.IN,TGO,1988,54.34800,,
SP.DYN.LE00.IN,TGO,1989,54.39000,,
SP.DYN.LE00.IN,TGO,1990,54.37000,,
SP.DYN.LE00.IN,TGO,1991,54.26800,,
SP.DYN.LE00.IN,TGO,1992,54.29900,,
SP.DYN.LE00.IN,TGO,1993,54.19500,,
SP.DYN.LE00.IN,TGO,1994,54.03700,,
SP.DYN.LE00.IN,TGO,1995,54.03700,,
SP.DYN.LE00.IN,TGO,1996,54.09800,,
SP.DYN.LE00.IN,TGO,1997,54.19200,,
SP.DYN.LE00.IN,TGO,1998,54.19900,,
SP.DYN.LE00.IN,TGO,1999,54.53800,,
SP.DYN.LE00.IN,TGO,2000,54.74200,,
SP.DYN.LE00.IN,TGO,2001,54.86000,,
SP.DYN.LE00.IN,TGO,2002,55.31100,,
SP.DYN.LE00.IN,TGO,2003,55.63900,,
SP.DYN.LE00.IN,TGO,2004,55.56900,,
SP.DYN.LE00.IN,TGO,2005,55.96200,,
SP.DYN.LE00.IN,TGO,2006,56.22200,,
SP.DYN.LE00.IN,TGO,2007,56.51100,,
SP.DYN.LE00.IN,TGO,2008,56.69500,,
SP.DYN.LE00.IN,TGO,2009,57.01100,,
SP.DYN.LE00.IN,TGO,2010,57.30400,,
SP.DYN.LE00.IN,TGO,2011,57.92500,,
SP.DYN.LE00.IN,TGO,2012,58.07300,,
SP.DYN.LE00.IN,TGO,2013,58.68400,,
SP.DYN.LE00.IN,TGO,2014,58.85300,,
SP.DYN.LE00.IN,TGO,2015,59.39600,,
SP.DYN.LE00.IN,TGO,2016,59.55000,,
SP.DYN.LE00.IN,TGO,2017,60.15400,,
SP.DYN.LE00.IN,TGO,2018,60.24400,,
SP.DYN.LE00.IN,TGO,2019,60.90100,,
SP.DYN.LE00.IN,TGO,2020,61.03500,,
SP.DYN.LE00.IN,TGO,2021,61.61900,,
SP.DYN.TFRT.IN,TGO,1970,7.06600,,
SP.DYN.TFRT.IN,TGO,1971,7.10300,,
SP.DYN.TFRT.IN,TGO,1972,7.11800,,
SP.DYN.TFRT.IN,TGO,1973,7.12800,,
SP.DYN.TFRT.IN,TGO,1974,7.15000,,
SP.DYN.TFRT.IN,TGO,1975,7.15300,,
SP.DYN.TFRT.IN,TGO,1976,7.14400,,
SP.DYN.TFRT.IN,TGO,1977,7.11100,,
SP.DYN.TFRT.IN,TGO,1978,7.06300,,
SP.DYN.TFRT.IN,TGO,1979,6.99900,,
SP.DYN.TFRT.IN,TGO,1980,6.93600,,
SP.DYN.TFRT.IN,TGO,1981,6.86500,,
SP.DYN.TFRT.IN,TGO,1982,6.77200,,
SP.DYN.TFRT.IN,TGO,1983,6.69600,,
SP.DYN.TFRT.IN,TGO,1984,6.61600,,
SP.DYN.TFRT.IN,TGO,1985,6.53500,,
SP.DYN.TFRT.IN,TGO,1986,6.46100,,
SP.DYN.TFRT.IN,TGO,1987,6.38500,,
SP.DYN.TFRT.IN,TGO,1988,6.30200,,
SP.DYN.TFRT.IN,TGO,1989,6.21900,,
SP.DYN.TFRT.IN,TGO,1990,6.13300,,
SP.DYN.TFRT.IN,TGO,1991,6.04900,,
SP.DYN.TFRT.IN,TGO,1992,5.94700,,
SP.DYN.TFRT.IN,TGO,1993,5.84500,,
SP.DYN.TFRT.IN,TGO,1994,5.74500,,
SP.DYN.TFRT.IN,TGO,1995,5.64600,,
SP.DYN.TFRT.IN,TGO,1996,5.54300,,
SP.DYN.TFRT.IN,TGO,1997,5.44100,,
SP.DYN.TFRT.IN,TGO,1998,5.38400,,
SP.DYN.TFRT.IN,TGO,1999,5.33500,,
SP.DYN.TFRT.IN,TGO,2000,5.26900,,
SP.DYN.TFRT.IN,TGO,2001,5.23000,,
SP.DYN.TFRT.IN,TGO,2002,5.19400,,
SP.DYN.TFRT.IN,TGO,2003,5.14500,,
SP.DYN.TFRT.IN,TGO,2004,5.07500,,
SP.DYN.TFRT.IN,TGO,2005,5.06900,,
SP.DYN.TFRT.IN,TGO,2006,5.07800,,
SP.DYN.TFRT.IN,TGO,2007,5.09200,,
SP.DYN.TFRT.IN,TGO,2008,5.05200,,
SP.DYN.TFRT.IN,TGO,2009,5.03400,,
SP.DYN.TFRT.IN,TGO,2010,5.00700,,
SP.DYN.TFRT.IN,TGO,2011,4.91700,,
SP.DYN.TFRT.IN,TGO,2012,4.80600,,
SP.DYN.TFRT.IN,TGO,2013,4.72300,,
SP.DYN.TFRT.IN,TGO,2014,4.65500,,
SP.DYN.TFRT.IN,TGO,2015,4.59400,,
SP.DYN.TFRT.IN,TGO,2016,4.56000,,
SP.DYN.TFRT.IN,TGO,2017,4.50300,,
SP.DYN.TFRT.IN,TGO,2018,4.44200,,
SP.DYN.TFRT.IN,TGO,2019,4.38500,,
SP.DYN.TFRT.IN,TGO,2020,4.32300,,
SP.DYN.TFRT.IN,TGO,2021,4.25700,,
SP.POP.GROW,TGO,1970,3.56218,,
SP.POP.GROW,TGO,1971,3.12833,,
SP.POP.GROW,TGO,1972,2.76199,,
SP.POP.GROW,TGO,1973,2.55033,,
SP.POP.GROW,TGO,1974,2.45511,,
SP.POP.GROW,TGO,1975,2.39437,,
SP.POP.GROW,TGO,1976,2.36095,,
SP.POP.GROW,TGO,1977,2.34440,,
SP.POP.GROW,TGO,1978,2.35825,,
SP.POP.GROW,TGO,1979,2.48755,,
SP.POP.GROW,TGO,1980,2.74585,,
SP.POP.GROW,TGO,1981,3.04518,,
SP.POP.GROW,TGO,1982,3.27730,,
SP.POP.GROW,TGO,1983,3.35942,,
SP.POP.GROW,TGO,1984,3.32193,,
SP.POP.GROW,TGO,1985,3.17481,,
SP.POP.GROW,TGO,1986,3.03636,,
SP.POP.GROW,TGO,1987,3.02293,,
SP.POP.GROW,TGO,1988,3.01461,,
SP.POP.GROW,TGO,1989,2.97274,,
SP.POP.GROW,TGO,1990,2.93989,,
SP.POP.GROW,TGO,1991,2.90551,,
SP.POP.GROW,TGO,1992,2.86575,,
SP.POP.GROW,TGO,1993,-0.67999,,
SP.POP.GROW,TGO,1994,0.34806,,
SP.POP.GROW,TGO,1995,4.46682,,
SP.POP.GROW,TGO,1996,3.81269,,
SP.POP.GROW,TGO,1997,3.24569,,
SP.POP.GROW,TGO,1998,2.91297,,
SP.POP.GROW,TGO,1999,2.91060,,
SP.POP.GROW,TGO,2000,2.83726,,
SP.POP.GROW,TGO,2001,2.70645,,
SP.POP.GROW,TGO,2002,2.61092,,
SP.POP.GROW,TGO,2003,2.60631,,
SP.POP.GROW,TGO,2004,2.62557,,
SP.POP.GROW,TGO,2005,2.59625,,
SP.POP.GROW,TGO,2006,2.80780,,
SP.POP.GROW,TGO,2007,2.90744,,
SP.POP.GROW,TGO,2008,2.85178,,
SP.POP.GROW,TGO,2009,2.79141,,
SP.POP.GROW,TGO,2010,2.67132,,
SP.POP.GROW,TGO,2011,2.65496,,
SP.POP.GROW,TGO,2012,2.60284,,
SP.POP.GROW,TGO,2013,2.55976,,
SP.POP.GROW,TGO,2014,2.53100,,
SP.POP.GROW,TGO,2015,2.50455,,
SP.POP.GROW,TGO,2016,2.48616,,
SP.POP.GROW,TGO,2017,2.46808,,
SP.POP.GROW,TGO,2018,2.43899,,
SP.POP.GROW,TGO,2019,2.41163,,
SP.POP.GROW,TGO,2020,2.39122,,
SP.POP.GROW,TGO,2021,2.36734,,
SP.POP.GROW,TGO,2022,2.33091,,
SP.RUR.TOTL.ZS,TGO,1970,78.72000,,
SP.RUR.TOTL.ZS,TGO,1971,78.39800,,
SP.RUR.TOTL.ZS,TGO,1972,78.07100,,
SP.RUR.TOTL.ZS,TGO,1973,77.74200,,
SP.RUR.TOTL.ZS,TGO,1974,77.40900,,
SP.RUR.TOTL.ZS,TGO,1975,77.07300,,
SP.RUR.TOTL.ZS,TGO,1976,76.73200,,
SP.RUR.TOTL.ZS,TGO,1977,76.38900,,
SP.RUR.TOTL.ZS,TGO,1978,76.04200,,
SP.RUR.TOTL.ZS,TGO,1979,75.69200,,
SP.RUR.TOTL.ZS,TGO,1980,75.33700,,
SP.RUR.TOTL.ZS,TGO,1981,74.98000,,
SP.RUR.TOTL.ZS,TGO,1982,74.60900,,
SP.RUR.TOTL.ZS,TGO,1983,74.22200,,
SP.RUR.TOTL.ZS,TGO,1984,73.83100,,
SP.RUR.TOTL.ZS,TGO,1985,73.43800,,
SP.RUR.TOTL.ZS,TGO,1986,73.04000,,
SP.RUR.TOTL.ZS,TGO,1987,72.63800,,
SP.RUR.TOTL.ZS,TGO,1988,72.23200,,
SP.RUR.TOTL.ZS,TGO,1989,71.82400,,
SP.RUR.TOTL.ZS,TGO,1990,71.41100,,
SP.RUR.TOTL.ZS,TGO,1991,70.99500,,
SP.RUR.TOTL.ZS,TGO,1992,70.57500,,
SP.RUR.TOTL.ZS,TGO,1993,70.15200,,
SP.RUR.TOTL.ZS,TGO,1994,69.72500,,
SP.RUR.TOTL.ZS,TGO,1995,69.29500,,
SP.RUR.TOTL.ZS,TGO,1996,68.86100,,
SP.RUR.TOTL.ZS,TGO,1997,68.42400,,
SP.RUR.TOTL.ZS,TGO,1998,67.98400,,
SP.RUR.TOTL.ZS,TGO,1999,67.54000,,
SP.RUR.TOTL.ZS,TGO,2000,67.09300,,
SP.RUR.TOTL.ZS,TGO,2001,66.64400,,
SP.RUR.TOTL.ZS,TGO,2002,66.19100,,
SP.RUR.TOTL.ZS,TGO,2003,65.73500,,
SP.RUR.TOTL.ZS,TGO,2004,65.27600,,
SP.RUR.TOTL.ZS,TGO,2005,64.81500,,
SP.RUR.TOTL.ZS,TGO,2006,64.35100,,
SP.RUR.TOTL.ZS,TGO,2007,63.88400,,
SP.RUR.TOTL.ZS,TGO,2008,63.41300,,
SP.RUR.TOTL.ZS,TGO,2009,62.94200,,
SP.RUR.TOTL.ZS,TGO,2010,62.46700,,
SP.RUR.TOTL.ZS,TGO,2011,61.96800,,
SP.RUR.TOTL.ZS,TGO,2012,61.45400,,
SP.RUR.TOTL.ZS,TGO,2013,60.93900,,
SP.RUR.TOTL.ZS,TGO,2014,60.42100,,
SP.RUR.TOTL.ZS,TGO,2015,59.90000,,
SP.RUR.TOTL.ZS,TGO,2016,59.37200,,
SP.RUR.TOTL.ZS,TGO,2017,58.83800,,
SP.RUR.TOTL.ZS,TGO,2018,58.29800,,
SP.RUR.TOTL.ZS,TGO,2019,57.75200,,
SP.RUR.TOTL.ZS,TGO,2020,57.20000,,
SP.RUR.TOTL.ZS,TGO,2021,56.64200,,
SP.RUR.TOTL.ZS,TGO,2022,56.07900,,
XTGOV.IMF,TGO,1989,124053000000,,
XTGOV.IMF,TGO,1990,127156000000,,
XTGOV.IMF,TGO,1991,112780000000,,
XTGOV.IMF,TGO,1992,96182000000,,
XTGOV.IMF,TGO,1993,91650000000,,
XTGOV.IMF,TGO,1994,124275000000,,
XTGOV.IMF,TGO,1995,142011000000,,
XTGOV.IMF,TGO,1996,155097000000,,
XTGOV.IMF,TGO,1997,154254000000,,
XTGOV.IMF,TGO,1998,177820000000,,
XTGOV.IMF,TGO,1999,173443000000,,
XTGOV.IMF,TGO,2000,170097000000,,
XTGOV.IMF,TGO,2001,158950000000,,
XTGOV.IMF,TGO,2002,134495000000,,
XTGOV.IMF,TGO,2003,147029000000,,
XTGOV.IMF,TGO,2004,169761000000,,
XTGOV.IMF,TGO,2005,215012000000,,
XTGOV.IMF,TGO,2006,244119000000,,
XTGOV.IMF,TGO,2007,246440000000,,
XTGOV.IMF,TGO,2008,253044000000,,
XTGOV.IMF,TGO,2009,317314000000,,
XTGOV.IMF,TGO,2010,354358000000,,
XTGOV.IMF,TGO,2011,465221000000,,
XTGOV.IMF,TGO,2012,527839000000,,
XTGOV.IMF,TGO,2013,609260000000,,
XTGOV.IMF,TGO,2014,691371000000,,
XTGOV.IMF,TGO,2015,778905000000,,
XTGOV.IMF,TGO,2016,824005000000,,
XTGOV.IMF,TGO,2017,603500000000,,
XTGOV.IMF,TGO,2018,733855000000,,
XTGOV.IMF,TGO,2019,678661000000,,
XTGOV.IMF,TGO,2020,1007701000000,,
XTGOV.IMF,TGO,2021,1006877000000,,
XTGOV.IMF,TGO,2022,1316978000000,,
XTGOV.IMF,TGO,2023,1319278000000,,
