"region","prefecture","commune","classe","libelle_classe","ispe","rang","niveau_priorite","points_faibles","points_forts","z_faibles","z_forts","explication"
"Centrale","Blitta","Blitta 1",4,"Classe 4 — Priorité faible : déficits marqués en couverture scolaire",43.7,107,"Satisfaisant","Toilettes améliorées (WC / eau) (%)|Bâtiments construits depuis 2010 (%)|Établissements pour 100 km²","Jardins d'enfants pour 100 écoles primaires|Enseignants du préscolaire pour 100 établissements|Points de toilettes pour 100 établissements","-0.99|-0.42|-0.36","0.7|0.77|2.33","Blitta 1 se situe au rang 107 sur 117 au niveau national avec un score ISPE de 43.7 (satisfaisant). Ce classement s'explique principalement par : toilettes améliorées (wc / eau) (%) ; bâtiments construits depuis 2010 (%) ; établissements pour 100 km². Le territoire conserve des atouts relatifs sur : jardins d'enfants pour 100 écoles primaires ; enseignants du préscolaire pour 100 établissements ; points de toilettes pour 100 établissements."
"Centrale","Blitta","Blitta 2",4,"Classe 4 — Priorité faible : déficits marqués en couverture scolaire",42.7,110,"Satisfaisant","Toilettes améliorées (WC / eau) (%)|Établissements pour 100 km²|Bibliothèques pour 100 établissements","Établissements avec terrain de sport (%)|Enseignants du préscolaire pour 100 établissements|Points de toilettes pour 100 établissements","-0.57|-0.37|0","0.52|0.69|1.35","Blitta 2 se situe au rang 110 sur 117 au niveau national avec un score ISPE de 42.7 (satisfaisant). Ce classement s'explique principalement par : toilettes améliorées (wc / eau) (%) ; établissements pour 100 km² ; bibliothèques pour 100 établissements. Le territoire conserve des atouts relatifs sur : établissements avec terrain de sport (%) ; enseignants du préscolaire pour 100 établissements ; points de toilettes pour 100 établissements."
"Centrale","Blitta","Blitta 3",2,"Classe 2 — Priorité élevée : déficits marqués en infrastructures essentielles",55.4,57,"À surveiller","Points de toilettes pour 100 établissements|Bâtiments recensés par établissement|Établissements avec terrain de sport (%)","Jardins d'enfants pour 100 écoles primaires|Enseignants du préscolaire pour 100 établissements|Bâtiments construits depuis 2010 (%)","-0.97|-0.57|-0.46","0.42|0.63|0.75","Blitta 3 se situe au rang 57 sur 117 au niveau national avec un score ISPE de 55.4 (à surveiller). Ce classement s'explique principalement par : points de toilettes pour 100 établissements ; bâtiments recensés par établissement ; établissements avec terrain de sport (%). Le territoire conserve des atouts relatifs sur : jardins d'enfants pour 100 écoles primaires ; enseignants du préscolaire pour 100 établissements ; bâtiments construits depuis 2010 (%)."
"Centrale","Mô","Mô 1",2,"Classe 2 — Priorité élevée : déficits marqués en infrastructures essentielles",43.9,104,"Satisfaisant","Bâtiments recensés par établissement|Établissements pour 100 km²|Enseignants pour 100 jardins d'enfants","Établissements avec terrain de sport (%)|Toilettes améliorées (WC / eau) (%)|Bâtiments construits depuis 2010 (%)","-0.42|-0.4|-0.24","0.52|0.72|1.53","Mô 1 se situe au rang 104 sur 117 au niveau national avec un score ISPE de 43.9 (satisfaisant). Ce classement s'explique principalement par : bâtiments recensés par établissement ; établissements pour 100 km² ; enseignants pour 100 jardins d'enfants. Le territoire conserve des atouts relatifs sur : établissements avec terrain de sport (%) ; toilettes améliorées (wc / eau) (%) ; bâtiments construits depuis 2010 (%)."
"Centrale","Mô","Mô 2",1,"Classe 1 — Priorité critique : déficits marqués en couverture scolaire",44.9,101,"Satisfaisant","Toilettes améliorées (WC / eau) (%)|Bâtiments recensés par établissement|Établissements pour 100 km²","Points de toilettes pour 100 établissements|Établissements avec terrain de sport (%)|Bâtiments construits depuis 2010 (%)","-0.89|-0.51|-0.4","0.73|1.44|1.47","Mô 2 se situe au rang 101 sur 117 au niveau national avec un score ISPE de 44.9 (satisfaisant). Ce classement s'explique principalement par : toilettes améliorées (wc / eau) (%) ; bâtiments recensés par établissement ; établissements pour 100 km². Le territoire conserve des atouts relatifs sur : points de toilettes pour 100 établissements ; établissements avec terrain de sport (%) ; bâtiments construits depuis 2010 (%)."
"Centrale","Sotouboua","Sotouboua 1",2,"Classe 2 — Priorité élevée : déficits marqués en infrastructures essentielles",46.9,94,"Modéré","Bâtiments construits depuis 2010 (%)|Établissements pour 100 km²|Toilettes améliorées (WC / eau) (%)","Jardins d'enfants pour 100 écoles primaires|Enseignants pour 100 jardins d'enfants|Enseignants du préscolaire pour 100 établissements","-1.22|-0.38|-0.19","1.02|1.2|2.06","Sotouboua 1 se situe au rang 94 sur 117 au niveau national avec un score ISPE de 46.9 (modéré). Ce classement s'explique principalement par : bâtiments construits depuis 2010 (%) ; établissements pour 100 km² ; toilettes améliorées (wc / eau) (%). Le territoire conserve des atouts relatifs sur : jardins d'enfants pour 100 écoles primaires ; enseignants pour 100 jardins d'enfants ; enseignants du préscolaire pour 100 établissements."
"Centrale","Sotouboua","Sotouboua 2",2,"Classe 2 — Priorité élevée : déficits marqués en infrastructures essentielles",38.8,115,"Satisfaisant","Toilettes améliorées (WC / eau) (%)|Établissements pour 100 km²|Bâtiments recensés par établissement","Jardins d'enfants pour 100 écoles primaires|Enseignants pour 100 jardins d'enfants|Enseignants du préscolaire pour 100 établissements","-0.47|-0.38|-0.12","0.86|1.2|1.87","Sotouboua 2 se situe au rang 115 sur 117 au niveau national avec un score ISPE de 38.8 (satisfaisant). Ce classement s'explique principalement par : toilettes améliorées (wc / eau) (%) ; établissements pour 100 km² ; bâtiments recensés par établissement. Le territoire conserve des atouts relatifs sur : jardins d'enfants pour 100 écoles primaires ; enseignants pour 100 jardins d'enfants ; enseignants du préscolaire pour 100 établissements."
"Centrale","Sotouboua","Sotouboua 3",2,"Classe 2 — Priorité élevée : déficits marqués en infrastructures essentielles",44.3,103,"Satisfaisant","Toilettes améliorées (WC / eau) (%)|Établissements pour 100 km²|Bâtiments construits depuis 2010 (%)","Enseignants pour 100 jardins d'enfants|Établissements avec terrain de sport (%)|Enseignants du préscolaire pour 100 établissements","-1.47|-0.38|-0.34","1.2|1.27|1.56","Sotouboua 3 se situe au rang 103 sur 117 au niveau national avec un score ISPE de 44.3 (satisfaisant). Ce classement s'explique principalement par : toilettes améliorées (wc / eau) (%) ; établissements pour 100 km² ; bâtiments construits depuis 2010 (%). Le territoire conserve des atouts relatifs sur : enseignants pour 100 jardins d'enfants ; établissements avec terrain de sport (%) ; enseignants du préscolaire pour 100 établissements."
"Centrale","Tchamba","Tchamba 1",4,"Classe 4 — Priorité faible : déficits marqués en couverture scolaire",46.5,96,"Satisfaisant","Jardins d'enfants pour 100 écoles primaires|Toilettes améliorées (WC / eau) (%)|Établissements pour 100 km²","Bâtiments construits depuis 2010 (%)|Points de toilettes pour 100 établissements|Enseignants pour 100 jardins d'enfants","-1.07|-0.72|-0.37","0.66|0.74|1.18","Tchamba 1 se situe au rang 96 sur 117 au niveau national avec un score ISPE de 46.5 (satisfaisant). Ce classement s'explique principalement par : jardins d'enfants pour 100 écoles primaires ; toilettes améliorées (wc / eau) (%) ; établissements pour 100 km². Le territoire conserve des atouts relatifs sur : bâtiments construits depuis 2010 (%) ; points de toilettes pour 100 établissements ; enseignants pour 100 jardins d'enfants."
"Centrale","Tchamba","Tchamba 2",1,"Classe 1 — Priorité critique : déficits marqués en couverture scolaire",47.9,90,"Modéré","Jardins d'enfants pour 100 écoles primaires|Toilettes améliorées (WC / eau) (%)|Enseignants du préscolaire pour 100 établissements","Établissements avec terrain de sport (%)|Enseignants pour 100 jardins d'enfants|Bâtiments recensés par établissement","-1.84|-0.72|-0.65","1|1.18|1.42","Tchamba 2 se situe au rang 90 sur 117 au niveau national avec un score ISPE de 47.9 (modéré). Ce classement s'explique principalement par : jardins d'enfants pour 100 écoles primaires ; toilettes améliorées (wc / eau) (%) ; enseignants du préscolaire pour 100 établissements. Le territoire conserve des atouts relatifs sur : établissements avec terrain de sport (%) ; enseignants pour 100 jardins d'enfants ; bâtiments recensés par établissement."
"Centrale","Tchamba","Tchamba 3",1,"Classe 1 — Priorité critique : déficits marqués en couverture scolaire",58.6,42,"Prioritaire","Jardins d'enfants pour 100 écoles primaires|Toilettes améliorées (WC / eau) (%)|Enseignants du préscolaire pour 100 établissements","Bâtiments construits depuis 2010 (%)|Bâtiments recensés par établissement|Enseignants pour 100 jardins d'enfants","-2.02|-0.91|-0.88","0.34|0.56|1.18","Tchamba 3 se situe au rang 42 sur 117 au niveau national avec un score ISPE de 58.6 (prioritaire). Ce classement s'explique principalement par : jardins d'enfants pour 100 écoles primaires ; toilettes améliorées (wc / eau) (%) ; enseignants du préscolaire pour 100 établissements. Le territoire conserve des atouts relatifs sur : bâtiments construits depuis 2010 (%) ; bâtiments recensés par établissement ; enseignants pour 100 jardins d'enfants."
"Centrale","Tchaoudjo","Tchaoudjo 1",2,"Classe 2 — Priorité élevée : déficits marqués en infrastructures essentielles",45,100,"Satisfaisant","Bâtiments construits depuis 2010 (%)|Établissements pour 100 km²|Jardins d'enfants pour 100 écoles primaires","Toilettes améliorées (WC / eau) (%)|Enseignants du préscolaire pour 100 établissements|Enseignants pour 100 jardins d'enfants","-0.6|-0.33|-0.32","0.56|1.25|1.9","Tchaoudjo 1 se situe au rang 100 sur 117 au niveau national avec un score ISPE de 45 (satisfaisant). Ce classement s'explique principalement par : bâtiments construits depuis 2010 (%) ; établissements pour 100 km² ; jardins d'enfants pour 100 écoles primaires. Le territoire conserve des atouts relatifs sur : toilettes améliorées (wc / eau) (%) ; enseignants du préscolaire pour 100 établissements ; enseignants pour 100 jardins d'enfants."
"Centrale","Tchaoudjo","Tchaoudjo 2",2,"Classe 2 — Priorité élevée : déficits marqués en infrastructures essentielles",39.5,113,"Satisfaisant","Toilettes améliorées (WC / eau) (%)|Bâtiments construits depuis 2010 (%)|Établissements pour 100 km²","Établissements avec terrain de sport (%)|Enseignants pour 100 jardins d'enfants|Enseignants du préscolaire pour 100 établissements","-1.01|-0.38|-0.37","1.25|1.9|2.02","Tchaoudjo 2 se situe au rang 113 sur 117 au niveau national avec un score ISPE de 39.5 (satisfaisant). Ce classement s'explique principalement par : toilettes améliorées (wc / eau) (%) ; bâtiments construits depuis 2010 (%) ; établissements pour 100 km². Le territoire conserve des atouts relatifs sur : établissements avec terrain de sport (%) ; enseignants pour 100 jardins d'enfants ; enseignants du préscolaire pour 100 établissements."
"Centrale","Tchaoudjo","Tchaoudjo 3",4,"Classe 4 — Priorité faible : déficits marqués en couverture scolaire",29.9,117,"Satisfaisant","Établissements pour 100 km²|Bâtiments recensés par établissement|Jardins d'enfants pour 100 écoles primaires","Enseignants du préscolaire pour 100 établissements|Enseignants pour 100 jardins d'enfants|Points de toilettes pour 100 établissements","-0.4|-0.24|-0.07","1.85|1.9|2.5","Tchaoudjo 3 se situe au rang 117 sur 117 au niveau national avec un score ISPE de 29.9 (satisfaisant). Ce classement s'explique principalement par : établissements pour 100 km² ; bâtiments recensés par établissement ; jardins d'enfants pour 100 écoles primaires. Le territoire conserve des atouts relatifs sur : enseignants du préscolaire pour 100 établissements ; enseignants pour 100 jardins d'enfants ; points de toilettes pour 100 établissements."
"Centrale","Tchaoudjo","Tchaoudjo 4",4,"Classe 4 — Priorité faible : déficits marqués en couverture scolaire",39.6,112,"Satisfaisant","Jardins d'enfants pour 100 écoles primaires|Établissements pour 100 km²|Toilettes améliorées (WC / eau) (%)","Enseignants du préscolaire pour 100 établissements|Enseignants pour 100 jardins d'enfants|Points de toilettes pour 100 établissements","-0.95|-0.39|-0.35","0.72|1.9|2.5","Tchaoudjo 4 se situe au rang 112 sur 117 au niveau national avec un score ISPE de 39.6 (satisfaisant). Ce classement s'explique principalement par : jardins d'enfants pour 100 écoles primaires ; établissements pour 100 km² ; toilettes améliorées (wc / eau) (%). Le territoire conserve des atouts relatifs sur : enseignants du préscolaire pour 100 établissements ; enseignants pour 100 jardins d'enfants ; points de toilettes pour 100 établissements."
"Kara","Assoli","Assoli 1",2,"Classe 2 — Priorité élevée : déficits marqués en infrastructures essentielles",58.8,41,"Prioritaire","Bâtiments construits depuis 2010 (%)|Toilettes améliorées (WC / eau) (%)|Établissements pour 100 km²","Points de toilettes pour 100 établissements|Enseignants du préscolaire pour 100 établissements|Enseignants pour 100 jardins d'enfants","-1.13|-0.39|-0.36","0.24|0.32|0.47","Assoli 1 se situe au rang 41 sur 117 au niveau national avec un score ISPE de 58.8 (prioritaire). Ce classement s'explique principalement par : bâtiments construits depuis 2010 (%) ; toilettes améliorées (wc / eau) (%) ; établissements pour 100 km². Le territoire conserve des atouts relatifs sur : points de toilettes pour 100 établissements ; enseignants du préscolaire pour 100 établissements ; enseignants pour 100 jardins d'enfants."
"Kara","Assoli","Assoli 2",2,"Classe 2 — Priorité élevée : déficits marqués en infrastructures essentielles",50.8,75,"Modéré","Bâtiments construits depuis 2010 (%)|Établissements pour 100 km²|Bâtiments recensés par établissement","Enseignants du préscolaire pour 100 établissements|Établissements avec terrain de sport (%)|Jardins d'enfants pour 100 écoles primaires","-2.07|-0.38|-0.18","1.04|1.18|1.75","Assoli 2 se situe au rang 75 sur 117 au niveau national avec un score ISPE de 50.8 (modéré). Ce classement s'explique principalement par : bâtiments construits depuis 2010 (%) ; établissements pour 100 km² ; bâtiments recensés par établissement. Le territoire conserve des atouts relatifs sur : enseignants du préscolaire pour 100 établissements ; établissements avec terrain de sport (%) ; jardins d'enfants pour 100 écoles primaires."
"Kara","Assoli","Assoli 3",4,"Classe 4 — Priorité faible : déficits marqués en couverture scolaire",47.4,91,"Modéré","Jardins d'enfants pour 100 écoles primaires|Établissements pour 100 km²|Toilettes améliorées (WC / eau) (%)","Enseignants pour 100 jardins d'enfants|Établissements avec terrain de sport (%)|Points de toilettes pour 100 établissements","-0.93|-0.38|-0.29","0.47|1.07|1.48","Assoli 3 se situe au rang 91 sur 117 au niveau national avec un score ISPE de 47.4 (modéré). Ce classement s'explique principalement par : jardins d'enfants pour 100 écoles primaires ; établissements pour 100 km² ; toilettes améliorées (wc / eau) (%). Le territoire conserve des atouts relatifs sur : enseignants pour 100 jardins d'enfants ; établissements avec terrain de sport (%) ; points de toilettes pour 100 établissements."
"Kara","Bassar","Bassar 1",2,"Classe 2 — Priorité élevée : déficits marqués en infrastructures essentielles",52.5,72,"Modéré","Bâtiments recensés par établissement|Établissements pour 100 km²|Bâtiments construits depuis 2010 (%)","Enseignants du préscolaire pour 100 établissements|Jardins d'enfants pour 100 écoles primaires|Toilettes améliorées (WC / eau) (%)","-0.6|-0.4|-0.38","0.25|0.68|1.78","Bassar 1 se situe au rang 72 sur 117 au niveau national avec un score ISPE de 52.5 (modéré). Ce classement s'explique principalement par : bâtiments recensés par établissement ; établissements pour 100 km² ; bâtiments construits depuis 2010 (%). Le territoire conserve des atouts relatifs sur : enseignants du préscolaire pour 100 établissements ; jardins d'enfants pour 100 écoles primaires ; toilettes améliorées (wc / eau) (%)."
"Kara","Bassar","Bassar 2",2,"Classe 2 — Priorité élevée : déficits marqués en infrastructures essentielles",53.5,68,"À surveiller","Bâtiments recensés par établissement|Points de toilettes pour 100 établissements|Établissements pour 100 km²","Enseignants du préscolaire pour 100 établissements|Jardins d'enfants pour 100 écoles primaires|Bâtiments construits depuis 2010 (%)","-1.34|-0.47|-0.38","0.36|0.73|1.12","Bassar 2 se situe au rang 68 sur 117 au niveau national avec un score ISPE de 53.5 (à surveiller). Ce classement s'explique principalement par : bâtiments recensés par établissement ; points de toilettes pour 100 établissements ; établissements pour 100 km². Le territoire conserve des atouts relatifs sur : enseignants du préscolaire pour 100 établissements ; jardins d'enfants pour 100 écoles primaires ; bâtiments construits depuis 2010 (%)."
"Kara","Bassar","Bassar 3",1,"Classe 1 — Priorité critique : déficits marqués en couverture scolaire",63.6,17,"Très prioritaire","Toilettes améliorées (WC / eau) (%)|Jardins d'enfants pour 100 écoles primaires|Enseignants du préscolaire pour 100 établissements","Complétude du cycle éducatif (%)|Bâtiments construits depuis 2010 (%)|Établissements avec terrain de sport (%)","-0.94|-0.77|-0.42","0.09|0.15|0.57","Bassar 3 se situe au rang 17 sur 117 au niveau national avec un score ISPE de 63.6 (très prioritaire). Ce classement s'explique principalement par : toilettes améliorées (wc / eau) (%) ; jardins d'enfants pour 100 écoles primaires ; enseignants du préscolaire pour 100 établissements. Le territoire conserve des atouts relatifs sur : complétude du cycle éducatif (%) ; bâtiments construits depuis 2010 (%) ; établissements avec terrain de sport (%)."
"Kara","Bassar","Bassar 4",2,"Classe 2 — Priorité élevée : déficits marqués en infrastructures essentielles",61.6,28,"Prioritaire","Toilettes améliorées (WC / eau) (%)|Points de toilettes pour 100 établissements|Bâtiments recensés par établissement","Complétude du cycle éducatif (%)|Bâtiments construits depuis 2010 (%)|Établissements avec terrain de sport (%)","-1.02|-0.78|-0.45","0.09|0.14|1.1","Bassar 4 se situe au rang 28 sur 117 au niveau national avec un score ISPE de 61.6 (prioritaire). Ce classement s'explique principalement par : toilettes améliorées (wc / eau) (%) ; points de toilettes pour 100 établissements ; bâtiments recensés par établissement. Le territoire conserve des atouts relatifs sur : complétude du cycle éducatif (%) ; bâtiments construits depuis 2010 (%) ; établissements avec terrain de sport (%)."
"Kara","Binah","Binah 1",2,"Classe 2 — Priorité élevée : déficits marqués en infrastructures essentielles",51.2,74,"Modéré","Bâtiments recensés par établissement|Bâtiments construits depuis 2010 (%)|Établissements pour 100 km²","Établissements avec terrain de sport (%)|Enseignants du préscolaire pour 100 établissements|Jardins d'enfants pour 100 écoles primaires","-1.01|-0.44|-0.31","0.49|1.11|1.45","Binah 1 se situe au rang 74 sur 117 au niveau national avec un score ISPE de 51.2 (modéré). Ce classement s'explique principalement par : bâtiments recensés par établissement ; bâtiments construits depuis 2010 (%) ; établissements pour 100 km². Le territoire conserve des atouts relatifs sur : établissements avec terrain de sport (%) ; enseignants du préscolaire pour 100 établissements ; jardins d'enfants pour 100 écoles primaires."
"Kara","Binah","Binah 2",2,"Classe 2 — Priorité élevée : déficits marqués en infrastructures essentielles",43.2,108,"Satisfaisant","Établissements pour 100 km²|Bâtiments recensés par établissement|Bibliothèques pour 100 établissements","Enseignants du préscolaire pour 100 établissements|Jardins d'enfants pour 100 écoles primaires|Établissements avec terrain de sport (%)","-0.29|-0.15|0","0.74|0.94|0.98","Binah 2 se situe au rang 108 sur 117 au niveau national avec un score ISPE de 43.2 (satisfaisant). Ce classement s'explique principalement par : établissements pour 100 km² ; bâtiments recensés par établissement ; bibliothèques pour 100 établissements. Le territoire conserve des atouts relatifs sur : enseignants du préscolaire pour 100 établissements ; jardins d'enfants pour 100 écoles primaires ; établissements avec terrain de sport (%)."
"Kara","Dankpen","Dankpen 1",2,"Classe 2 — Priorité élevée : déficits marqués en infrastructures essentielles",57.2,47,"Prioritaire","Toilettes améliorées (WC / eau) (%)|Bâtiments recensés par établissement|Points de toilettes pour 100 établissements","Enseignants du préscolaire pour 100 établissements|Bâtiments construits depuis 2010 (%)|Jardins d'enfants pour 100 écoles primaires","-1.02|-0.86|-0.58","0.41|0.62|0.85","Dankpen 1 se situe au rang 47 sur 117 au niveau national avec un score ISPE de 57.2 (prioritaire). Ce classement s'explique principalement par : toilettes améliorées (wc / eau) (%) ; bâtiments recensés par établissement ; points de toilettes pour 100 établissements. Le territoire conserve des atouts relatifs sur : enseignants du préscolaire pour 100 établissements ; bâtiments construits depuis 2010 (%) ; jardins d'enfants pour 100 écoles primaires."
"Kara","Dankpen","Dankpen 2",1,"Classe 1 — Priorité critique : déficits marqués en couverture scolaire",55.1,58,"À surveiller","Jardins d'enfants pour 100 écoles primaires|Enseignants du préscolaire pour 100 établissements|Toilettes améliorées (WC / eau) (%)","Bâtiments recensés par établissement|Bâtiments construits depuis 2010 (%)|Établissements avec terrain de sport (%)","-1.03|-0.55|-0.5","0.2|0.45|1.26","Dankpen 2 se situe au rang 58 sur 117 au niveau national avec un score ISPE de 55.1 (à surveiller). Ce classement s'explique principalement par : jardins d'enfants pour 100 écoles primaires ; enseignants du préscolaire pour 100 établissements ; toilettes améliorées (wc / eau) (%). Le territoire conserve des atouts relatifs sur : bâtiments recensés par établissement ; bâtiments construits depuis 2010 (%) ; établissements avec terrain de sport (%)."
"Kara","Dankpen","Dankpen 3",2,"Classe 2 — Priorité élevée : déficits marqués en infrastructures essentielles",53.8,67,"À surveiller","Bâtiments recensés par établissement|Points de toilettes pour 100 établissements|Établissements pour 100 km²","Enseignants du préscolaire pour 100 établissements|Bâtiments construits depuis 2010 (%)|Établissements avec terrain de sport (%)","-1.04|-0.79|-0.39","0.33|0.68|1.44","Dankpen 3 se situe au rang 67 sur 117 au niveau national avec un score ISPE de 53.8 (à surveiller). Ce classement s'explique principalement par : bâtiments recensés par établissement ; points de toilettes pour 100 établissements ; établissements pour 100 km². Le territoire conserve des atouts relatifs sur : enseignants du préscolaire pour 100 établissements ; bâtiments construits depuis 2010 (%) ; établissements avec terrain de sport (%)."
"Kara","Doufelgou","Doufelgou 1",2,"Classe 2 — Priorité élevée : déficits marqués en infrastructures essentielles",63.3,19,"Très prioritaire","Bâtiments construits depuis 2010 (%)|Toilettes améliorées (WC / eau) (%)|Bâtiments recensés par établissement","Enseignants du préscolaire pour 100 établissements|Jardins d'enfants pour 100 écoles primaires|Établissements avec terrain de sport (%)","-1.43|-0.54|-0.51","0.2|0.58|0.74","Doufelgou 1 se situe au rang 19 sur 117 au niveau national avec un score ISPE de 63.3 (très prioritaire). Ce classement s'explique principalement par : bâtiments construits depuis 2010 (%) ; toilettes améliorées (wc / eau) (%) ; bâtiments recensés par établissement. Le territoire conserve des atouts relatifs sur : enseignants du préscolaire pour 100 établissements ; jardins d'enfants pour 100 écoles primaires ; établissements avec terrain de sport (%)."
"Kara","Doufelgou","Doufelgou 2",2,"Classe 2 — Priorité élevée : déficits marqués en infrastructures essentielles",50.4,77,"Modéré","Bâtiments construits depuis 2010 (%)|Établissements pour 100 km²|Bâtiments recensés par établissement","Points de toilettes pour 100 établissements|Établissements avec terrain de sport (%)|Jardins d'enfants pour 100 écoles primaires","-0.48|-0.37|-0.36","0.58|0.63|0.65","Doufelgou 2 se situe au rang 77 sur 117 au niveau national avec un score ISPE de 50.4 (modéré). Ce classement s'explique principalement par : bâtiments construits depuis 2010 (%) ; établissements pour 100 km² ; bâtiments recensés par établissement. Le territoire conserve des atouts relatifs sur : points de toilettes pour 100 établissements ; établissements avec terrain de sport (%) ; jardins d'enfants pour 100 écoles primaires."
"Kara","Doufelgou","Doufelgou 3",2,"Classe 2 — Priorité élevée : déficits marqués en infrastructures essentielles",48.8,84,"Modéré","Établissements pour 100 km²|Enseignants pour 100 jardins d'enfants|Bâtiments recensés par établissement","Points de toilettes pour 100 établissements|Toilettes améliorées (WC / eau) (%)|Établissements avec terrain de sport (%)","-0.38|-0.18|-0.06","0.38|0.58|0.93","Doufelgou 3 se situe au rang 84 sur 117 au niveau national avec un score ISPE de 48.8 (modéré). Ce classement s'explique principalement par : établissements pour 100 km² ; enseignants pour 100 jardins d'enfants ; bâtiments recensés par établissement. Le territoire conserve des atouts relatifs sur : points de toilettes pour 100 établissements ; toilettes améliorées (wc / eau) (%) ; établissements avec terrain de sport (%)."
"Kara","Kozah","Kozah 1",2,"Classe 2 — Priorité élevée : déficits marqués en infrastructures essentielles",43.8,106,"Satisfaisant","Bâtiments construits depuis 2010 (%)|Établissements pour 100 km²|Bibliothèques pour 100 établissements","Points de toilettes pour 100 établissements|Jardins d'enfants pour 100 écoles primaires|Toilettes améliorées (WC / eau) (%)","-0.68|-0.06|0","0.66|0.82|1.08","Kozah 1 se situe au rang 106 sur 117 au niveau national avec un score ISPE de 43.8 (satisfaisant). Ce classement s'explique principalement par : bâtiments construits depuis 2010 (%) ; établissements pour 100 km² ; bibliothèques pour 100 établissements. Le territoire conserve des atouts relatifs sur : points de toilettes pour 100 établissements ; jardins d'enfants pour 100 écoles primaires ; toilettes améliorées (wc / eau) (%)."
"Kara","Kozah","Kozah 2",2,"Classe 2 — Priorité élevée : déficits marqués en infrastructures essentielles",56.3,51,"À surveiller","Bâtiments construits depuis 2010 (%)|Établissements pour 100 km²|Bibliothèques pour 100 établissements","Jardins d'enfants pour 100 écoles primaires|Enseignants du préscolaire pour 100 établissements|Établissements avec terrain de sport (%)","-2.33|-0.33|0","0.61|0.64|1.07","Kozah 2 se situe au rang 51 sur 117 au niveau national avec un score ISPE de 56.3 (à surveiller). Ce classement s'explique principalement par : bâtiments construits depuis 2010 (%) ; établissements pour 100 km² ; bibliothèques pour 100 établissements. Le territoire conserve des atouts relatifs sur : jardins d'enfants pour 100 écoles primaires ; enseignants du préscolaire pour 100 établissements ; établissements avec terrain de sport (%)."
"Kara","Kozah","Kozah 3",2,"Classe 2 — Priorité élevée : déficits marqués en infrastructures essentielles",57.4,46,"Prioritaire","Bâtiments construits depuis 2010 (%)|Toilettes améliorées (WC / eau) (%)|Points de toilettes pour 100 établissements","Enseignants du préscolaire pour 100 établissements|Jardins d'enfants pour 100 écoles primaires|Établissements avec terrain de sport (%)","-1.22|-0.86|-0.45","0.62|0.75|1.27","Kozah 3 se situe au rang 46 sur 117 au niveau national avec un score ISPE de 57.4 (prioritaire). Ce classement s'explique principalement par : bâtiments construits depuis 2010 (%) ; toilettes améliorées (wc / eau) (%) ; points de toilettes pour 100 établissements. Le territoire conserve des atouts relatifs sur : enseignants du préscolaire pour 100 établissements ; jardins d'enfants pour 100 écoles primaires ; établissements avec terrain de sport (%)."
"Kara","Kozah","Kozah 4",2,"Classe 2 — Priorité élevée : déficits marqués en infrastructures essentielles",54.4,63,"À surveiller","Toilettes améliorées (WC / eau) (%)|Bâtiments construits depuis 2010 (%)|Établissements pour 100 km²","Jardins d'enfants pour 100 écoles primaires|Établissements avec terrain de sport (%)|Enseignants du préscolaire pour 100 établissements","-1.61|-0.79|-0.37","0.89|1|1.15","Kozah 4 se situe au rang 63 sur 117 au niveau national avec un score ISPE de 54.4 (à surveiller). Ce classement s'explique principalement par : toilettes améliorées (wc / eau) (%) ; bâtiments construits depuis 2010 (%) ; établissements pour 100 km². Le territoire conserve des atouts relatifs sur : jardins d'enfants pour 100 écoles primaires ; établissements avec terrain de sport (%) ; enseignants du préscolaire pour 100 établissements."
"Kara","Kéran","Kéran 1",2,"Classe 2 — Priorité élevée : déficits marqués en infrastructures essentielles",56.8,49,"À surveiller","Toilettes améliorées (WC / eau) (%)|Enseignants pour 100 jardins d'enfants|Établissements pour 100 km²","Jardins d'enfants pour 100 écoles primaires|Points de toilettes pour 100 établissements|Établissements avec terrain de sport (%)","-0.83|-0.62|-0.38","0.23|0.35|0.54","Kéran 1 se situe au rang 49 sur 117 au niveau national avec un score ISPE de 56.8 (à surveiller). Ce classement s'explique principalement par : toilettes améliorées (wc / eau) (%) ; enseignants pour 100 jardins d'enfants ; établissements pour 100 km². Le territoire conserve des atouts relatifs sur : jardins d'enfants pour 100 écoles primaires ; points de toilettes pour 100 établissements ; établissements avec terrain de sport (%)."
"Kara","Kéran","Kéran 2",2,"Classe 2 — Priorité élevée : déficits marqués en infrastructures essentielles",61.5,29,"Prioritaire","Toilettes améliorées (WC / eau) (%)|Enseignants pour 100 jardins d'enfants|Bâtiments recensés par établissement","Complétude du cycle éducatif (%)|Bâtiments construits depuis 2010 (%)|Établissements avec terrain de sport (%)","-1.08|-0.62|-0.57","0.09|0.35|0.68","Kéran 2 se situe au rang 29 sur 117 au niveau national avec un score ISPE de 61.5 (prioritaire). Ce classement s'explique principalement par : toilettes améliorées (wc / eau) (%) ; enseignants pour 100 jardins d'enfants ; bâtiments recensés par établissement. Le territoire conserve des atouts relatifs sur : complétude du cycle éducatif (%) ; bâtiments construits depuis 2010 (%) ; établissements avec terrain de sport (%)."
"Kara","Kéran","Kéran 3",2,"Classe 2 — Priorité élevée : déficits marqués en infrastructures essentielles",59.7,36,"Prioritaire","Bâtiments construits depuis 2010 (%)|Enseignants pour 100 jardins d'enfants|Établissements pour 100 km²","Points de toilettes pour 100 établissements|Établissements avec terrain de sport (%)|Toilettes améliorées (WC / eau) (%)","-1.33|-0.62|-0.38","0.27|0.7|0.77","Kéran 3 se situe au rang 36 sur 117 au niveau national avec un score ISPE de 59.7 (prioritaire). Ce classement s'explique principalement par : bâtiments construits depuis 2010 (%) ; enseignants pour 100 jardins d'enfants ; établissements pour 100 km². Le territoire conserve des atouts relatifs sur : points de toilettes pour 100 établissements ; établissements avec terrain de sport (%) ; toilettes améliorées (wc / eau) (%)."
"Maritime","Agoè-Nyivé","Agoè-Nyivé 1",3,"Classe 3 — Priorité modérée : déficits marqués en infrastructures essentielles",55.8,53,"À surveiller","Établissements avec terrain de sport (%)|Bâtiments recensés par établissement|Bâtiments construits depuis 2010 (%)","Jardins d'enfants pour 100 écoles primaires|Toilettes améliorées (WC / eau) (%)|Établissements pour 100 km²","-1.79|-1.75|-0.96","0.57|1.85|2.5","Agoè-Nyivé 1 se situe au rang 53 sur 117 au niveau national avec un score ISPE de 55.8 (à surveiller). Ce classement s'explique principalement par : établissements avec terrain de sport (%) ; bâtiments recensés par établissement ; bâtiments construits depuis 2010 (%). Le territoire conserve des atouts relatifs sur : jardins d'enfants pour 100 écoles primaires ; toilettes améliorées (wc / eau) (%) ; établissements pour 100 km²."
"Maritime","Agoè-Nyivé","Agoè-Nyivé 2",3,"Classe 3 — Priorité modérée : déficits marqués en infrastructures essentielles",45.2,99,"Satisfaisant","Bâtiments recensés par établissement|Établissements avec terrain de sport (%)|Points de toilettes pour 100 établissements","Établissements pour 100 km²|Bâtiments construits depuis 2010 (%)|Toilettes améliorées (WC / eau) (%)","-1.57|-1.56|-0.84","1.51|1.77|1.86","Agoè-Nyivé 2 se situe au rang 99 sur 117 au niveau national avec un score ISPE de 45.2 (satisfaisant). Ce classement s'explique principalement par : bâtiments recensés par établissement ; établissements avec terrain de sport (%) ; points de toilettes pour 100 établissements. Le territoire conserve des atouts relatifs sur : établissements pour 100 km² ; bâtiments construits depuis 2010 (%) ; toilettes améliorées (wc / eau) (%)."
"Maritime","Agoè-Nyivé","Agoè-Nyivé 3",3,"Classe 3 — Priorité modérée : déficits marqués en infrastructures essentielles",48.2,88,"Modéré","Bâtiments recensés par établissement|Établissements avec terrain de sport (%)|Points de toilettes pour 100 établissements","Toilettes améliorées (WC / eau) (%)|Jardins d'enfants pour 100 écoles primaires|Établissements pour 100 km²","-2.46|-2.09|-0.28","1.51|2.12|2.5","Agoè-Nyivé 3 se situe au rang 88 sur 117 au niveau national avec un score ISPE de 48.2 (modéré). Ce classement s'explique principalement par : bâtiments recensés par établissement ; établissements avec terrain de sport (%) ; points de toilettes pour 100 établissements. Le territoire conserve des atouts relatifs sur : toilettes améliorées (wc / eau) (%) ; jardins d'enfants pour 100 écoles primaires ; établissements pour 100 km²."
"Maritime","Agoè-Nyivé","Agoè-Nyivé 4",3,"Classe 3 — Priorité modérée : déficits marqués en infrastructures essentielles",59.4,37,"Prioritaire","Bâtiments recensés par établissement|Établissements avec terrain de sport (%)|Points de toilettes pour 100 établissements","Toilettes améliorées (WC / eau) (%)|Établissements pour 100 km²|Bâtiments construits depuis 2010 (%)","-1.84|-1.83|-0.87","0.83|1.29|1.3","Agoè-Nyivé 4 se situe au rang 37 sur 117 au niveau national avec un score ISPE de 59.4 (prioritaire). Ce classement s'explique principalement par : bâtiments recensés par établissement ; établissements avec terrain de sport (%) ; points de toilettes pour 100 établissements. Le territoire conserve des atouts relatifs sur : toilettes améliorées (wc / eau) (%) ; établissements pour 100 km² ; bâtiments construits depuis 2010 (%)."
"Maritime","Agoè-Nyivé","Agoè-Nyivé 5",3,"Classe 3 — Priorité modérée : déficits marqués en infrastructures essentielles",42.8,109,"Satisfaisant","Bâtiments recensés par établissement|Établissements avec terrain de sport (%)|Points de toilettes pour 100 établissements","Toilettes améliorées (WC / eau) (%)|Établissements pour 100 km²|Bâtiments construits depuis 2010 (%)","-1.4|-1.3|-0.61","1.36|1.64|2.29","Agoè-Nyivé 5 se situe au rang 109 sur 117 au niveau national avec un score ISPE de 42.8 (satisfaisant). Ce classement s'explique principalement par : bâtiments recensés par établissement ; établissements avec terrain de sport (%) ; points de toilettes pour 100 établissements. Le territoire conserve des atouts relatifs sur : toilettes améliorées (wc / eau) (%) ; établissements pour 100 km² ; bâtiments construits depuis 2010 (%)."
"Maritime","Agoè-Nyivé","Agoè-Nyivé 6",3,"Classe 3 — Priorité modérée : déficits marqués en infrastructures essentielles",50.1,79,"Modéré","Bâtiments recensés par établissement|Établissements avec terrain de sport (%)|Points de toilettes pour 100 établissements","Jardins d'enfants pour 100 écoles primaires|Toilettes améliorées (WC / eau) (%)|Bâtiments construits depuis 2010 (%)","-2.02|-1.37|-0.83","1.18|1.23|1.99","Agoè-Nyivé 6 se situe au rang 79 sur 117 au niveau national avec un score ISPE de 50.1 (modéré). Ce classement s'explique principalement par : bâtiments recensés par établissement ; établissements avec terrain de sport (%) ; points de toilettes pour 100 établissements. Le territoire conserve des atouts relatifs sur : jardins d'enfants pour 100 écoles primaires ; toilettes améliorées (wc / eau) (%) ; bâtiments construits depuis 2010 (%)."
"Maritime","Avé","Avé 1",1,"Classe 1 — Priorité critique : déficits marqués en couverture scolaire",68,10,"Très prioritaire","Toilettes améliorées (WC / eau) (%)|Enseignants du préscolaire pour 100 établissements|Enseignants pour 100 jardins d'enfants","Bâtiments recensés par établissement|Complétude du cycle éducatif (%)|Établissements avec terrain de sport (%)","-1.15|-0.88|-0.82","0.05|0.09|0.27","Avé 1 se situe au rang 10 sur 117 au niveau national avec un score ISPE de 68 (très prioritaire). Ce classement s'explique principalement par : toilettes améliorées (wc / eau) (%) ; enseignants du préscolaire pour 100 établissements ; enseignants pour 100 jardins d'enfants. Le territoire conserve des atouts relatifs sur : bâtiments recensés par établissement ; complétude du cycle éducatif (%) ; établissements avec terrain de sport (%)."
"Maritime","Avé","Avé 2",2,"Classe 2 — Priorité élevée : déficits marqués en infrastructures essentielles",62.1,24,"Très prioritaire","Points de toilettes pour 100 établissements|Enseignants pour 100 jardins d'enfants|Enseignants du préscolaire pour 100 établissements","Jardins d'enfants pour 100 écoles primaires|Établissements avec terrain de sport (%)|Bâtiments construits depuis 2010 (%)","-1.11|-0.82|-0.81","0.2|0.65|0.92","Avé 2 se situe au rang 24 sur 117 au niveau national avec un score ISPE de 62.1 (très prioritaire). Ce classement s'explique principalement par : points de toilettes pour 100 établissements ; enseignants pour 100 jardins d'enfants ; enseignants du préscolaire pour 100 établissements. Le territoire conserve des atouts relatifs sur : jardins d'enfants pour 100 écoles primaires ; établissements avec terrain de sport (%) ; bâtiments construits depuis 2010 (%)."
"Maritime","Bas-Mono","Bas-Mono 1",1,"Classe 1 — Priorité critique : déficits marqués en couverture scolaire",61.7,27,"Prioritaire","Enseignants pour 100 jardins d'enfants|Enseignants du préscolaire pour 100 établissements|Jardins d'enfants pour 100 écoles primaires","Bâtiments construits depuis 2010 (%)|Points de toilettes pour 100 établissements|Établissements avec terrain de sport (%)","-1.33|-1.27|-0.53","0.21|0.43|0.66","Bas-Mono 1 se situe au rang 27 sur 117 au niveau national avec un score ISPE de 61.7 (prioritaire). Ce classement s'explique principalement par : enseignants pour 100 jardins d'enfants ; enseignants du préscolaire pour 100 établissements ; jardins d'enfants pour 100 écoles primaires. Le territoire conserve des atouts relatifs sur : bâtiments construits depuis 2010 (%) ; points de toilettes pour 100 établissements ; établissements avec terrain de sport (%)."
"Maritime","Bas-Mono","Bas-Mono 2",4,"Classe 4 — Priorité faible : déficits marqués en couverture scolaire",58,43,"Prioritaire","Enseignants du préscolaire pour 100 établissements|Enseignants pour 100 jardins d'enfants|Jardins d'enfants pour 100 écoles primaires","Bâtiments recensés par établissement|Établissements avec terrain de sport (%)|Points de toilettes pour 100 établissements","-1.5|-1.33|-1.16","0.5|1.16|1.51","Bas-Mono 2 se situe au rang 43 sur 117 au niveau national avec un score ISPE de 58 (prioritaire). Ce classement s'explique principalement par : enseignants du préscolaire pour 100 établissements ; enseignants pour 100 jardins d'enfants ; jardins d'enfants pour 100 écoles primaires. Le territoire conserve des atouts relatifs sur : bâtiments recensés par établissement ; établissements avec terrain de sport (%) ; points de toilettes pour 100 établissements."
"Maritime","Golfe","Golfe 1",3,"Classe 3 — Priorité modérée : déficits marqués en infrastructures essentielles",63.4,18,"Très prioritaire","Établissements avec terrain de sport (%)|Bâtiments recensés par établissement|Bâtiments construits depuis 2010 (%)","Jardins d'enfants pour 100 écoles primaires|Toilettes améliorées (WC / eau) (%)|Établissements pour 100 km²","-2.23|-1.99|-1.17","0.73|1.81|2.5","Golfe 1 se situe au rang 18 sur 117 au niveau national avec un score ISPE de 63.4 (très prioritaire). Ce classement s'explique principalement par : établissements avec terrain de sport (%) ; bâtiments recensés par établissement ; bâtiments construits depuis 2010 (%). Le territoire conserve des atouts relatifs sur : jardins d'enfants pour 100 écoles primaires ; toilettes améliorées (wc / eau) (%) ; établissements pour 100 km²."
"Maritime","Golfe","Golfe 2",3,"Classe 3 — Priorité modérée : déficits marqués en infrastructures essentielles",55.8,53,"À surveiller","Bâtiments recensés par établissement|Bâtiments construits depuis 2010 (%)|Établissements avec terrain de sport (%)","Jardins d'enfants pour 100 écoles primaires|Toilettes améliorées (WC / eau) (%)|Établissements pour 100 km²","-2.08|-1.88|-1.85","1.25|2.09|2.5","Golfe 2 se situe au rang 53 sur 117 au niveau national avec un score ISPE de 55.8 (à surveiller). Ce classement s'explique principalement par : bâtiments recensés par établissement ; bâtiments construits depuis 2010 (%) ; établissements avec terrain de sport (%). Le territoire conserve des atouts relatifs sur : jardins d'enfants pour 100 écoles primaires ; toilettes améliorées (wc / eau) (%) ; établissements pour 100 km²."
"Maritime","Golfe","Golfe 3",3,"Classe 3 — Priorité modérée : déficits marqués en infrastructures essentielles",52.6,70,"À surveiller","Bâtiments construits depuis 2010 (%)|Établissements avec terrain de sport (%)|Bâtiments recensés par établissement","Points de toilettes pour 100 établissements|Toilettes améliorées (WC / eau) (%)|Établissements pour 100 km²","-2.31|-1.53|-0.95","1.56|1.75|2.28","Golfe 3 se situe au rang 70 sur 117 au niveau national avec un score ISPE de 52.6 (à surveiller). Ce classement s'explique principalement par : bâtiments construits depuis 2010 (%) ; établissements avec terrain de sport (%) ; bâtiments recensés par établissement. Le territoire conserve des atouts relatifs sur : points de toilettes pour 100 établissements ; toilettes améliorées (wc / eau) (%) ; établissements pour 100 km²."
"Maritime","Golfe","Golfe 4",3,"Classe 3 — Priorité modérée : déficits marqués en infrastructures essentielles",56.7,50,"À surveiller","Bâtiments construits depuis 2010 (%)|Établissements avec terrain de sport (%)|Bâtiments recensés par établissement","Jardins d'enfants pour 100 écoles primaires|Toilettes améliorées (WC / eau) (%)|Établissements pour 100 km²","-2.5|-1.78|-1.25","1.43|2.18|2.5","Golfe 4 se situe au rang 50 sur 117 au niveau national avec un score ISPE de 56.7 (à surveiller). Ce classement s'explique principalement par : bâtiments construits depuis 2010 (%) ; établissements avec terrain de sport (%) ; bâtiments recensés par établissement. Le territoire conserve des atouts relatifs sur : jardins d'enfants pour 100 écoles primaires ; toilettes améliorées (wc / eau) (%) ; établissements pour 100 km²."
"Maritime","Golfe","Golfe 5",3,"Classe 3 — Priorité modérée : déficits marqués en infrastructures essentielles",54.5,62,"À surveiller","Bâtiments recensés par établissement|Bâtiments construits depuis 2010 (%)|Établissements avec terrain de sport (%)","Points de toilettes pour 100 établissements|Toilettes améliorées (WC / eau) (%)|Établissements pour 100 km²","-1.81|-1.6|-1.11","1.04|2.03|2.5","Golfe 5 se situe au rang 62 sur 117 au niveau national avec un score ISPE de 54.5 (à surveiller). Ce classement s'explique principalement par : bâtiments recensés par établissement ; bâtiments construits depuis 2010 (%) ; établissements avec terrain de sport (%). Le territoire conserve des atouts relatifs sur : points de toilettes pour 100 établissements ; toilettes améliorées (wc / eau) (%) ; établissements pour 100 km²."
"Maritime","Golfe","Golfe 6",3,"Classe 3 — Priorité modérée : déficits marqués en infrastructures essentielles",53.9,65,"À surveiller","Établissements avec terrain de sport (%)|Bâtiments recensés par établissement|Enseignants pour 100 jardins d'enfants","Jardins d'enfants pour 100 écoles primaires|Toilettes améliorées (WC / eau) (%)|Établissements pour 100 km²","-1.96|-1.9|-0.63","1.04|1.79|2.28","Golfe 6 se situe au rang 65 sur 117 au niveau national avec un score ISPE de 53.9 (à surveiller). Ce classement s'explique principalement par : établissements avec terrain de sport (%) ; bâtiments recensés par établissement ; enseignants pour 100 jardins d'enfants. Le territoire conserve des atouts relatifs sur : jardins d'enfants pour 100 écoles primaires ; toilettes améliorées (wc / eau) (%) ; établissements pour 100 km²."
"Maritime","Golfe","Golfe 7",3,"Classe 3 — Priorité modérée : déficits marqués en infrastructures essentielles",44.4,102,"Satisfaisant","Bâtiments recensés par établissement|Établissements avec terrain de sport (%)|Enseignants pour 100 jardins d'enfants","Toilettes améliorées (WC / eau) (%)|Jardins d'enfants pour 100 écoles primaires|Établissements pour 100 km²","-2.34|-1.45|-0.63","1.9|1.93|2.5","Golfe 7 se situe au rang 102 sur 117 au niveau national avec un score ISPE de 44.4 (satisfaisant). Ce classement s'explique principalement par : bâtiments recensés par établissement ; établissements avec terrain de sport (%) ; enseignants pour 100 jardins d'enfants. Le territoire conserve des atouts relatifs sur : toilettes améliorées (wc / eau) (%) ; jardins d'enfants pour 100 écoles primaires ; établissements pour 100 km²."
"Maritime","Lacs","Lacs 1",4,"Classe 4 — Priorité faible : déficits marqués en couverture scolaire",58,43,"Prioritaire","Bâtiments construits depuis 2010 (%)|Enseignants pour 100 jardins d'enfants|Établissements avec terrain de sport (%)","Jardins d'enfants pour 100 écoles primaires|Toilettes améliorées (WC / eau) (%)|Points de toilettes pour 100 établissements","-1.97|-0.87|-0.68","0.47|1.33|1.47","Lacs 1 se situe au rang 43 sur 117 au niveau national avec un score ISPE de 58 (prioritaire). Ce classement s'explique principalement par : bâtiments construits depuis 2010 (%) ; enseignants pour 100 jardins d'enfants ; établissements avec terrain de sport (%). Le territoire conserve des atouts relatifs sur : jardins d'enfants pour 100 écoles primaires ; toilettes améliorées (wc / eau) (%) ; points de toilettes pour 100 établissements."
"Maritime","Lacs","Lacs 2",2,"Classe 2 — Priorité élevée : déficits marqués en infrastructures essentielles",75.5,3,"Très prioritaire","Bâtiments construits depuis 2010 (%)|Toilettes améliorées (WC / eau) (%)|Enseignants du préscolaire pour 100 établissements","Bibliothèques pour 100 établissements|Complétude du cycle éducatif (%)|Établissements avec terrain de sport (%)","-1.38|-1.05|-1.02","0|0.09|0.63","Lacs 2 se situe au rang 3 sur 117 au niveau national avec un score ISPE de 75.5 (très prioritaire). Ce classement s'explique principalement par : bâtiments construits depuis 2010 (%) ; toilettes améliorées (wc / eau) (%) ; enseignants du préscolaire pour 100 établissements. Le territoire conserve des atouts relatifs sur : bibliothèques pour 100 établissements ; complétude du cycle éducatif (%) ; établissements avec terrain de sport (%)."
"Maritime","Lacs","Lacs 3",3,"Classe 3 — Priorité modérée : déficits marqués en infrastructures essentielles",60,33,"Prioritaire","Établissements avec terrain de sport (%)|Bâtiments recensés par établissement|Enseignants pour 100 jardins d'enfants","Établissements pour 100 km²|Toilettes améliorées (WC / eau) (%)|Jardins d'enfants pour 100 écoles primaires","-1.56|-1.4|-0.87","0.5|1.02|1.38","Lacs 3 se situe au rang 33 sur 117 au niveau national avec un score ISPE de 60 (prioritaire). Ce classement s'explique principalement par : établissements avec terrain de sport (%) ; bâtiments recensés par établissement ; enseignants pour 100 jardins d'enfants. Le territoire conserve des atouts relatifs sur : établissements pour 100 km² ; toilettes améliorées (wc / eau) (%) ; jardins d'enfants pour 100 écoles primaires."
"Maritime","Lacs","Lacs 4",1,"Classe 1 — Priorité critique : déficits marqués en couverture scolaire",58,43,"Prioritaire","Enseignants du préscolaire pour 100 établissements|Enseignants pour 100 jardins d'enfants|Jardins d'enfants pour 100 écoles primaires","Toilettes améliorées (WC / eau) (%)|Bâtiments recensés par établissement|Établissements avec terrain de sport (%)","-1.01|-0.87|-0.84","0.39|0.76|1.03","Lacs 4 se situe au rang 43 sur 117 au niveau national avec un score ISPE de 58 (prioritaire). Ce classement s'explique principalement par : enseignants du préscolaire pour 100 établissements ; enseignants pour 100 jardins d'enfants ; jardins d'enfants pour 100 écoles primaires. Le territoire conserve des atouts relatifs sur : toilettes améliorées (wc / eau) (%) ; bâtiments recensés par établissement ; établissements avec terrain de sport (%)."
"Maritime","Vo","Vo 1",4,"Classe 4 — Priorité faible : déficits marqués en couverture scolaire",48.5,86,"Modéré","Enseignants du préscolaire pour 100 établissements|Enseignants pour 100 jardins d'enfants|Jardins d'enfants pour 100 écoles primaires","Établissements avec terrain de sport (%)|Points de toilettes pour 100 établissements|Bâtiments recensés par établissement","-0.51|-0.41|-0.38","0.55|0.88|1.39","Vo 1 se situe au rang 86 sur 117 au niveau national avec un score ISPE de 48.5 (modéré). Ce classement s'explique principalement par : enseignants du préscolaire pour 100 établissements ; enseignants pour 100 jardins d'enfants ; jardins d'enfants pour 100 écoles primaires. Le territoire conserve des atouts relatifs sur : établissements avec terrain de sport (%) ; points de toilettes pour 100 établissements ; bâtiments recensés par établissement."
"Maritime","Vo","Vo 2",2,"Classe 2 — Priorité élevée : déficits marqués en infrastructures essentielles",62,25,"Prioritaire","Jardins d'enfants pour 100 écoles primaires|Enseignants du préscolaire pour 100 établissements|Bâtiments construits depuis 2010 (%)","Complétude du cycle éducatif (%)|Points de toilettes pour 100 établissements|Toilettes améliorées (WC / eau) (%)","-1.16|-0.96|-0.89","0.09|0.18|1.81","Vo 2 se situe au rang 25 sur 117 au niveau national avec un score ISPE de 62 (prioritaire). Ce classement s'explique principalement par : jardins d'enfants pour 100 écoles primaires ; enseignants du préscolaire pour 100 établissements ; bâtiments construits depuis 2010 (%). Le territoire conserve des atouts relatifs sur : complétude du cycle éducatif (%) ; points de toilettes pour 100 établissements ; toilettes améliorées (wc / eau) (%)."
"Maritime","Vo","Vo 3",1,"Classe 1 — Priorité critique : déficits marqués en couverture scolaire",59,39,"Prioritaire","Jardins d'enfants pour 100 écoles primaires|Enseignants du préscolaire pour 100 établissements|Enseignants pour 100 jardins d'enfants","Complétude du cycle éducatif (%)|Établissements avec terrain de sport (%)|Bâtiments construits depuis 2010 (%)","-0.86|-0.71|-0.41","0.09|0.49|0.67","Vo 3 se situe au rang 39 sur 117 au niveau national avec un score ISPE de 59 (prioritaire). Ce classement s'explique principalement par : jardins d'enfants pour 100 écoles primaires ; enseignants du préscolaire pour 100 établissements ; enseignants pour 100 jardins d'enfants. Le territoire conserve des atouts relatifs sur : complétude du cycle éducatif (%) ; établissements avec terrain de sport (%) ; bâtiments construits depuis 2010 (%)."
"Maritime","Vo","Vo 4",1,"Classe 1 — Priorité critique : déficits marqués en couverture scolaire",67.3,12,"Très prioritaire","Jardins d'enfants pour 100 écoles primaires|Enseignants du préscolaire pour 100 établissements|Bâtiments construits depuis 2010 (%)","Points de toilettes pour 100 établissements|Complétude du cycle éducatif (%)|Bâtiments recensés par établissement","-1.23|-0.96|-0.94","0.03|0.09|0.56","Vo 4 se situe au rang 12 sur 117 au niveau national avec un score ISPE de 67.3 (très prioritaire). Ce classement s'explique principalement par : jardins d'enfants pour 100 écoles primaires ; enseignants du préscolaire pour 100 établissements ; bâtiments construits depuis 2010 (%). Le territoire conserve des atouts relatifs sur : points de toilettes pour 100 établissements ; complétude du cycle éducatif (%) ; bâtiments recensés par établissement."
"Maritime","Yoto","Yoto 1",1,"Classe 1 — Priorité critique : déficits marqués en couverture scolaire",56.2,52,"À surveiller","Jardins d'enfants pour 100 écoles primaires|Enseignants du préscolaire pour 100 établissements|Points de toilettes pour 100 établissements","Toilettes améliorées (WC / eau) (%)|Bâtiments recensés par établissement|Établissements avec terrain de sport (%)","-0.91|-0.68|-0.68","0.63|0.68|0.85","Yoto 1 se situe au rang 52 sur 117 au niveau national avec un score ISPE de 56.2 (à surveiller). Ce classement s'explique principalement par : jardins d'enfants pour 100 écoles primaires ; enseignants du préscolaire pour 100 établissements ; points de toilettes pour 100 établissements. Le territoire conserve des atouts relatifs sur : toilettes améliorées (wc / eau) (%) ; bâtiments recensés par établissement ; établissements avec terrain de sport (%)."
"Maritime","Yoto","Yoto 2",1,"Classe 1 — Priorité critique : déficits marqués en couverture scolaire",58.9,40,"Prioritaire","Jardins d'enfants pour 100 écoles primaires|Enseignants du préscolaire pour 100 établissements|Bâtiments construits depuis 2010 (%)","Complétude du cycle éducatif (%)|Bâtiments recensés par établissement|Établissements avec terrain de sport (%)","-1.62|-1.03|-0.4","0.09|0.97|1.85","Yoto 2 se situe au rang 40 sur 117 au niveau national avec un score ISPE de 58.9 (prioritaire). Ce classement s'explique principalement par : jardins d'enfants pour 100 écoles primaires ; enseignants du préscolaire pour 100 établissements ; bâtiments construits depuis 2010 (%). Le territoire conserve des atouts relatifs sur : complétude du cycle éducatif (%) ; bâtiments recensés par établissement ; établissements avec terrain de sport (%)."
"Maritime","Yoto","Yoto 3",1,"Classe 1 — Priorité critique : déficits marqués en couverture scolaire",49,83,"Modéré","Jardins d'enfants pour 100 écoles primaires|Enseignants du préscolaire pour 100 établissements|Points de toilettes pour 100 établissements","Bâtiments construits depuis 2010 (%)|Bâtiments recensés par établissement|Établissements avec terrain de sport (%)","-1.83|-1.28|-0.64","0.84|1.71|2.5","Yoto 3 se situe au rang 83 sur 117 au niveau national avec un score ISPE de 49 (modéré). Ce classement s'explique principalement par : jardins d'enfants pour 100 écoles primaires ; enseignants du préscolaire pour 100 établissements ; points de toilettes pour 100 établissements. Le territoire conserve des atouts relatifs sur : bâtiments construits depuis 2010 (%) ; bâtiments recensés par établissement ; établissements avec terrain de sport (%)."
"Maritime","Zio","Zio 1",2,"Classe 2 — Priorité élevée : déficits marqués en infrastructures essentielles",60.9,31,"Prioritaire","Bâtiments recensés par établissement|Points de toilettes pour 100 établissements|Enseignants pour 100 jardins d'enfants","Jardins d'enfants pour 100 écoles primaires|Toilettes améliorées (WC / eau) (%)|Bâtiments construits depuis 2010 (%)","-0.78|-0.62|-0.62","0.23|0.28|0.51","Zio 1 se situe au rang 31 sur 117 au niveau national avec un score ISPE de 60.9 (prioritaire). Ce classement s'explique principalement par : bâtiments recensés par établissement ; points de toilettes pour 100 établissements ; enseignants pour 100 jardins d'enfants. Le territoire conserve des atouts relatifs sur : jardins d'enfants pour 100 écoles primaires ; toilettes améliorées (wc / eau) (%) ; bâtiments construits depuis 2010 (%)."
"Maritime","Zio","Zio 2",2,"Classe 2 — Priorité élevée : déficits marqués en infrastructures essentielles",63,20,"Très prioritaire","Bâtiments recensés par établissement|Points de toilettes pour 100 établissements|Toilettes améliorées (WC / eau) (%)","Complétude du cycle éducatif (%)|Jardins d'enfants pour 100 écoles primaires|Bâtiments construits depuis 2010 (%)","-1.04|-0.93|-0.69","0.09|0.34|1.33","Zio 2 se situe au rang 20 sur 117 au niveau national avec un score ISPE de 63 (très prioritaire). Ce classement s'explique principalement par : bâtiments recensés par établissement ; points de toilettes pour 100 établissements ; toilettes améliorées (wc / eau) (%). Le territoire conserve des atouts relatifs sur : complétude du cycle éducatif (%) ; jardins d'enfants pour 100 écoles primaires ; bâtiments construits depuis 2010 (%)."
"Maritime","Zio","Zio 3",1,"Classe 1 — Priorité critique : déficits marqués en couverture scolaire",62.6,22,"Très prioritaire","Toilettes améliorées (WC / eau) (%)|Points de toilettes pour 100 établissements|Enseignants du préscolaire pour 100 établissements","Établissements avec terrain de sport (%)|Bâtiments construits depuis 2010 (%)|Bâtiments recensés par établissement","-1.63|-1.45|-0.79","0.46|0.95|1.83","Zio 3 se situe au rang 22 sur 117 au niveau national avec un score ISPE de 62.6 (très prioritaire). Ce classement s'explique principalement par : toilettes améliorées (wc / eau) (%) ; points de toilettes pour 100 établissements ; enseignants du préscolaire pour 100 établissements. Le territoire conserve des atouts relatifs sur : établissements avec terrain de sport (%) ; bâtiments construits depuis 2010 (%) ; bâtiments recensés par établissement."
"Maritime","Zio","Zio 4",1,"Classe 1 — Priorité critique : déficits marqués en couverture scolaire",69.8,8,"Très prioritaire","Points de toilettes pour 100 établissements|Jardins d'enfants pour 100 écoles primaires|Enseignants du préscolaire pour 100 établissements","Complétude du cycle éducatif (%)|Bâtiments recensés par établissement|Bâtiments construits depuis 2010 (%)","-1.42|-0.96|-0.91","0.09|0.59|0.76","Zio 4 se situe au rang 8 sur 117 au niveau national avec un score ISPE de 69.8 (très prioritaire). Ce classement s'explique principalement par : points de toilettes pour 100 établissements ; jardins d'enfants pour 100 écoles primaires ; enseignants du préscolaire pour 100 établissements. Le territoire conserve des atouts relatifs sur : complétude du cycle éducatif (%) ; bâtiments recensés par établissement ; bâtiments construits depuis 2010 (%)."
"Plateaux","Agou","Agou 1",2,"Classe 2 — Priorité élevée : déficits marqués en infrastructures essentielles",68.9,9,"Très prioritaire","Bâtiments construits depuis 2010 (%)|Enseignants pour 100 jardins d'enfants|Points de toilettes pour 100 établissements","Complétude du cycle éducatif (%)|Jardins d'enfants pour 100 écoles primaires|Toilettes améliorées (WC / eau) (%)","-1.6|-0.61|-0.6","0.09|0.3|0.51","Agou 1 se situe au rang 9 sur 117 au niveau national avec un score ISPE de 68.9 (très prioritaire). Ce classement s'explique principalement par : bâtiments construits depuis 2010 (%) ; enseignants pour 100 jardins d'enfants ; points de toilettes pour 100 établissements. Le territoire conserve des atouts relatifs sur : complétude du cycle éducatif (%) ; jardins d'enfants pour 100 écoles primaires ; toilettes améliorées (wc / eau) (%)."
"Plateaux","Agou","Agou 2",2,"Classe 2 — Priorité élevée : déficits marqués en infrastructures essentielles",65.6,13,"Très prioritaire","Bâtiments recensés par établissement|Points de toilettes pour 100 établissements|Enseignants pour 100 jardins d'enfants","Toilettes améliorées (WC / eau) (%)|Complétude du cycle éducatif (%)|Établissements avec terrain de sport (%)","-1.07|-0.65|-0.61","0.05|0.09|0.8","Agou 2 se situe au rang 13 sur 117 au niveau national avec un score ISPE de 65.6 (très prioritaire). Ce classement s'explique principalement par : bâtiments recensés par établissement ; points de toilettes pour 100 établissements ; enseignants pour 100 jardins d'enfants. Le territoire conserve des atouts relatifs sur : toilettes améliorées (wc / eau) (%) ; complétude du cycle éducatif (%) ; établissements avec terrain de sport (%)."
"Plateaux","Akébou","Akébou 1",2,"Classe 2 — Priorité élevée : déficits marqués en infrastructures essentielles",59.4,37,"Prioritaire","Points de toilettes pour 100 établissements|Établissements avec terrain de sport (%)|Toilettes améliorées (WC / eau) (%)","Bâtiments construits depuis 2010 (%)|Bâtiments recensés par établissement|Jardins d'enfants pour 100 écoles primaires","-1.43|-1.21|-0.85","0.68|0.97|1","Akébou 1 se situe au rang 37 sur 117 au niveau national avec un score ISPE de 59.4 (prioritaire). Ce classement s'explique principalement par : points de toilettes pour 100 établissements ; établissements avec terrain de sport (%) ; toilettes améliorées (wc / eau) (%). Le territoire conserve des atouts relatifs sur : bâtiments construits depuis 2010 (%) ; bâtiments recensés par établissement ; jardins d'enfants pour 100 écoles primaires."
"Plateaux","Akébou","Akébou 2",1,"Classe 1 — Priorité critique : déficits marqués en couverture scolaire",49.7,81,"Modéré","Points de toilettes pour 100 établissements|Établissements pour 100 km²|Toilettes améliorées (WC / eau) (%)","Jardins d'enfants pour 100 écoles primaires|Bâtiments recensés par établissement|Bâtiments construits depuis 2010 (%)","-1.19|-0.39|-0.34","0.73|1.09|1.49","Akébou 2 se situe au rang 81 sur 117 au niveau national avec un score ISPE de 49.7 (modéré). Ce classement s'explique principalement par : points de toilettes pour 100 établissements ; établissements pour 100 km² ; toilettes améliorées (wc / eau) (%). Le territoire conserve des atouts relatifs sur : jardins d'enfants pour 100 écoles primaires ; bâtiments recensés par établissement ; bâtiments construits depuis 2010 (%)."
"Plateaux","Amou","Amou 1",2,"Classe 2 — Priorité élevée : déficits marqués en infrastructures essentielles",60.5,32,"Prioritaire","Bâtiments construits depuis 2010 (%)|Toilettes améliorées (WC / eau) (%)|Points de toilettes pour 100 établissements","Établissements avec terrain de sport (%)|Enseignants du préscolaire pour 100 établissements|Jardins d'enfants pour 100 écoles primaires","-1.08|-0.54|-0.48","0.35|0.6|0.69","Amou 1 se situe au rang 32 sur 117 au niveau national avec un score ISPE de 60.5 (prioritaire). Ce classement s'explique principalement par : bâtiments construits depuis 2010 (%) ; toilettes améliorées (wc / eau) (%) ; points de toilettes pour 100 établissements. Le territoire conserve des atouts relatifs sur : établissements avec terrain de sport (%) ; enseignants du préscolaire pour 100 établissements ; jardins d'enfants pour 100 écoles primaires."
"Plateaux","Amou","Amou 2",2,"Classe 2 — Priorité élevée : déficits marqués en infrastructures essentielles",59.9,34,"Prioritaire","Points de toilettes pour 100 établissements|Établissements pour 100 km²|Toilettes améliorées (WC / eau) (%)","Bâtiments construits depuis 2010 (%)|Enseignants du préscolaire pour 100 établissements|Établissements avec terrain de sport (%)","-1.56|-0.36|-0.19","0.16|0.27|0.77","Amou 2 se situe au rang 34 sur 117 au niveau national avec un score ISPE de 59.9 (prioritaire). Ce classement s'explique principalement par : points de toilettes pour 100 établissements ; établissements pour 100 km² ; toilettes améliorées (wc / eau) (%). Le territoire conserve des atouts relatifs sur : bâtiments construits depuis 2010 (%) ; enseignants du préscolaire pour 100 établissements ; établissements avec terrain de sport (%)."
"Plateaux","Amou","Amou 3",1,"Classe 1 — Priorité critique : déficits marqués en couverture scolaire",67.8,11,"Très prioritaire","Jardins d'enfants pour 100 écoles primaires|Points de toilettes pour 100 établissements|Enseignants du préscolaire pour 100 établissements","Complétude du cycle éducatif (%)|Enseignants pour 100 jardins d'enfants|Établissements avec terrain de sport (%)","-1.43|-0.99|-0.79","0.09|0.11|0.76","Amou 3 se situe au rang 11 sur 117 au niveau national avec un score ISPE de 67.8 (très prioritaire). Ce classement s'explique principalement par : jardins d'enfants pour 100 écoles primaires ; points de toilettes pour 100 établissements ; enseignants du préscolaire pour 100 établissements. Le territoire conserve des atouts relatifs sur : complétude du cycle éducatif (%) ; enseignants pour 100 jardins d'enfants ; établissements avec terrain de sport (%)."
"Plateaux","Anié","Anié 1",1,"Classe 1 — Priorité critique : déficits marqués en couverture scolaire",64.8,15,"Très prioritaire","Points de toilettes pour 100 établissements|Jardins d'enfants pour 100 écoles primaires|Enseignants du préscolaire pour 100 établissements","Complétude du cycle éducatif (%)|Bâtiments recensés par établissement|Bâtiments construits depuis 2010 (%)","-1.64|-0.95|-0.57","0.09|0.32|0.69","Anié 1 se situe au rang 15 sur 117 au niveau national avec un score ISPE de 64.8 (très prioritaire). Ce classement s'explique principalement par : points de toilettes pour 100 établissements ; jardins d'enfants pour 100 écoles primaires ; enseignants du préscolaire pour 100 établissements. Le territoire conserve des atouts relatifs sur : complétude du cycle éducatif (%) ; bâtiments recensés par établissement ; bâtiments construits depuis 2010 (%)."
"Plateaux","Anié","Anié 2",1,"Classe 1 — Priorité critique : déficits marqués en couverture scolaire",71.5,5,"Très prioritaire","Points de toilettes pour 100 établissements|Jardins d'enfants pour 100 écoles primaires|Enseignants du préscolaire pour 100 établissements","Complétude du cycle éducatif (%)|Bâtiments recensés par établissement|Bâtiments construits depuis 2010 (%)","-2.26|-2.21|-1.46","0.09|1.24|1.4","Anié 2 se situe au rang 5 sur 117 au niveau national avec un score ISPE de 71.5 (très prioritaire). Ce classement s'explique principalement par : points de toilettes pour 100 établissements ; jardins d'enfants pour 100 écoles primaires ; enseignants du préscolaire pour 100 établissements. Le territoire conserve des atouts relatifs sur : complétude du cycle éducatif (%) ; bâtiments recensés par établissement ; bâtiments construits depuis 2010 (%)."
"Plateaux","Danyi","Danyi 1",2,"Classe 2 — Priorité élevée : déficits marqués en infrastructures essentielles",71.2,6,"Très prioritaire","Bâtiments construits depuis 2010 (%)|Points de toilettes pour 100 établissements|Enseignants pour 100 jardins d'enfants","Complétude du cycle éducatif (%)|Toilettes améliorées (WC / eau) (%)|Jardins d'enfants pour 100 écoles primaires","-1.13|-1.09|-0.81","0.09|0.28|0.5","Danyi 1 se situe au rang 6 sur 117 au niveau national avec un score ISPE de 71.2 (très prioritaire). Ce classement s'explique principalement par : bâtiments construits depuis 2010 (%) ; points de toilettes pour 100 établissements ; enseignants pour 100 jardins d'enfants. Le territoire conserve des atouts relatifs sur : complétude du cycle éducatif (%) ; toilettes améliorées (wc / eau) (%) ; jardins d'enfants pour 100 écoles primaires."
"Plateaux","Danyi","Danyi 2",2,"Classe 2 — Priorité élevée : déficits marqués en infrastructures essentielles",70.5,7,"Très prioritaire","Points de toilettes pour 100 établissements|Bâtiments recensés par établissement|Bâtiments construits depuis 2010 (%)","Complétude du cycle éducatif (%)|Jardins d'enfants pour 100 écoles primaires|Toilettes améliorées (WC / eau) (%)","-1.72|-0.98|-0.86","0.09|0.93|1.27","Danyi 2 se situe au rang 7 sur 117 au niveau national avec un score ISPE de 70.5 (très prioritaire). Ce classement s'explique principalement par : points de toilettes pour 100 établissements ; bâtiments recensés par établissement ; bâtiments construits depuis 2010 (%). Le territoire conserve des atouts relatifs sur : complétude du cycle éducatif (%) ; jardins d'enfants pour 100 écoles primaires ; toilettes améliorées (wc / eau) (%)."
"Plateaux","Est-Mono","Est-Mono 1",1,"Classe 1 — Priorité critique : déficits marqués en couverture scolaire",52.6,70,"À surveiller","Jardins d'enfants pour 100 écoles primaires|Toilettes améliorées (WC / eau) (%)|Établissements pour 100 km²","Établissements avec terrain de sport (%)|Bâtiments construits depuis 2010 (%)|Bâtiments recensés par établissement","-0.68|-0.62|-0.38","0.41|0.62|0.91","Est-Mono 1 se situe au rang 70 sur 117 au niveau national avec un score ISPE de 52.6 (à surveiller). Ce classement s'explique principalement par : jardins d'enfants pour 100 écoles primaires ; toilettes améliorées (wc / eau) (%) ; établissements pour 100 km². Le territoire conserve des atouts relatifs sur : établissements avec terrain de sport (%) ; bâtiments construits depuis 2010 (%) ; bâtiments recensés par établissement."
"Plateaux","Est-Mono","Est-Mono 2",1,"Classe 1 — Priorité critique : déficits marqués en couverture scolaire",52.8,69,"À surveiller","Jardins d'enfants pour 100 écoles primaires|Enseignants du préscolaire pour 100 établissements|Toilettes améliorées (WC / eau) (%)","Points de toilettes pour 100 établissements|Bâtiments recensés par établissement|Bâtiments construits depuis 2010 (%)","-0.83|-0.48|-0.44","0.39|0.62|0.98","Est-Mono 2 se situe au rang 69 sur 117 au niveau national avec un score ISPE de 52.8 (à surveiller). Ce classement s'explique principalement par : jardins d'enfants pour 100 écoles primaires ; enseignants du préscolaire pour 100 établissements ; toilettes améliorées (wc / eau) (%). Le territoire conserve des atouts relatifs sur : points de toilettes pour 100 établissements ; bâtiments recensés par établissement ; bâtiments construits depuis 2010 (%)."
"Plateaux","Est-Mono","Est-Mono 3",4,"Classe 4 — Priorité faible : déficits marqués en couverture scolaire",41.3,111,"Satisfaisant","Établissements pour 100 km²|Bibliothèques pour 100 établissements|Enseignants pour 100 jardins d'enfants","Établissements avec terrain de sport (%)|Bâtiments construits depuis 2010 (%)|Points de toilettes pour 100 établissements","-0.36|0|0.01","0.69|0.76|1.11","Est-Mono 3 se situe au rang 111 sur 117 au niveau national avec un score ISPE de 41.3 (satisfaisant). Ce classement s'explique principalement par : établissements pour 100 km² ; bibliothèques pour 100 établissements ; enseignants pour 100 jardins d'enfants. Le territoire conserve des atouts relatifs sur : établissements avec terrain de sport (%) ; bâtiments construits depuis 2010 (%) ; points de toilettes pour 100 établissements."
"Plateaux","Haho","Haho 1",1,"Classe 1 — Priorité critique : déficits marqués en couverture scolaire",54.8,61,"À surveiller","Points de toilettes pour 100 établissements|Jardins d'enfants pour 100 écoles primaires|Enseignants du préscolaire pour 100 établissements","Toilettes améliorées (WC / eau) (%)|Bâtiments construits depuis 2010 (%)|Bâtiments recensés par établissement","-0.6|-0.6|-0.44","0.26|0.61|1.18","Haho 1 se situe au rang 61 sur 117 au niveau national avec un score ISPE de 54.8 (à surveiller). Ce classement s'explique principalement par : points de toilettes pour 100 établissements ; jardins d'enfants pour 100 écoles primaires ; enseignants du préscolaire pour 100 établissements. Le territoire conserve des atouts relatifs sur : toilettes améliorées (wc / eau) (%) ; bâtiments construits depuis 2010 (%) ; bâtiments recensés par établissement."
"Plateaux","Haho","Haho 2",1,"Classe 1 — Priorité critique : déficits marqués en couverture scolaire",49.8,80,"Modéré","Points de toilettes pour 100 établissements|Jardins d'enfants pour 100 écoles primaires|Établissements pour 100 km²","Complétude du cycle éducatif (%)|Bâtiments construits depuis 2010 (%)|Bâtiments recensés par établissement","-0.91|-0.54|-0.37","0.09|1.38|2.5","Haho 2 se situe au rang 80 sur 117 au niveau national avec un score ISPE de 49.8 (modéré). Ce classement s'explique principalement par : points de toilettes pour 100 établissements ; jardins d'enfants pour 100 écoles primaires ; établissements pour 100 km². Le territoire conserve des atouts relatifs sur : complétude du cycle éducatif (%) ; bâtiments construits depuis 2010 (%) ; bâtiments recensés par établissement."
"Plateaux","Haho","Haho 3",1,"Classe 1 — Priorité critique : déficits marqués en couverture scolaire",72.6,4,"Très prioritaire","Complétude du cycle éducatif (%)|Toilettes améliorées (WC / eau) (%)|Points de toilettes pour 100 établissements","Établissements avec terrain de sport (%)|Bâtiments construits depuis 2010 (%)|Bâtiments recensés par établissement","-2.5|-1.28|-1.09","0.82|0.97|1.59","Haho 3 se situe au rang 4 sur 117 au niveau national avec un score ISPE de 72.6 (très prioritaire). Ce classement s'explique principalement par : complétude du cycle éducatif (%) ; toilettes améliorées (wc / eau) (%) ; points de toilettes pour 100 établissements. Le territoire conserve des atouts relatifs sur : établissements avec terrain de sport (%) ; bâtiments construits depuis 2010 (%) ; bâtiments recensés par établissement."
"Plateaux","Haho","Haho 4",1,"Classe 1 — Priorité critique : déficits marqués en couverture scolaire",53.9,65,"À surveiller","Points de toilettes pour 100 établissements|Jardins d'enfants pour 100 écoles primaires|Enseignants du préscolaire pour 100 établissements","Bâtiments recensés par établissement|Toilettes améliorées (WC / eau) (%)|Bâtiments construits depuis 2010 (%)","-1.1|-0.86|-0.51","0.94|1.1|1.1","Haho 4 se situe au rang 65 sur 117 au niveau national avec un score ISPE de 53.9 (à surveiller). Ce classement s'explique principalement par : points de toilettes pour 100 établissements ; jardins d'enfants pour 100 écoles primaires ; enseignants du préscolaire pour 100 établissements. Le territoire conserve des atouts relatifs sur : bâtiments recensés par établissement ; toilettes améliorées (wc / eau) (%) ; bâtiments construits depuis 2010 (%)."
"Plateaux","Kloto","Kloto 1",2,"Classe 2 — Priorité élevée : déficits marqués en infrastructures essentielles",55.8,53,"À surveiller","Établissements avec terrain de sport (%)|Bâtiments construits depuis 2010 (%)|Bâtiments recensés par établissement","Jardins d'enfants pour 100 écoles primaires|Enseignants pour 100 jardins d'enfants|Enseignants du préscolaire pour 100 établissements","-1.38|-1.29|-0.42","0.96|0.99|1.54","Kloto 1 se situe au rang 53 sur 117 au niveau national avec un score ISPE de 55.8 (à surveiller). Ce classement s'explique principalement par : établissements avec terrain de sport (%) ; bâtiments construits depuis 2010 (%) ; bâtiments recensés par établissement. Le territoire conserve des atouts relatifs sur : jardins d'enfants pour 100 écoles primaires ; enseignants pour 100 jardins d'enfants ; enseignants du préscolaire pour 100 établissements."
"Plateaux","Kloto","Kloto 2",2,"Classe 2 — Priorité élevée : déficits marqués en infrastructures essentielles",54.9,60,"À surveiller","Points de toilettes pour 100 établissements|Bâtiments construits depuis 2010 (%)|Établissements pour 100 km²","Toilettes améliorées (WC / eau) (%)|Enseignants pour 100 jardins d'enfants|Enseignants du préscolaire pour 100 établissements","-1.08|-0.94|-0.32","0.5|0.99|1.25","Kloto 2 se situe au rang 60 sur 117 au niveau national avec un score ISPE de 54.9 (à surveiller). Ce classement s'explique principalement par : points de toilettes pour 100 établissements ; bâtiments construits depuis 2010 (%) ; établissements pour 100 km². Le territoire conserve des atouts relatifs sur : toilettes améliorées (wc / eau) (%) ; enseignants pour 100 jardins d'enfants ; enseignants du préscolaire pour 100 établissements."
"Plateaux","Kloto","Kloto 3",2,"Classe 2 — Priorité élevée : déficits marqués en infrastructures essentielles",50.7,76,"Modéré","Toilettes améliorées (WC / eau) (%)|Établissements avec terrain de sport (%)|Bâtiments construits depuis 2010 (%)","Enseignants pour 100 jardins d'enfants|Jardins d'enfants pour 100 écoles primaires|Enseignants du préscolaire pour 100 établissements","-1.09|-0.89|-0.4","0.99|1.43|1.95","Kloto 3 se situe au rang 76 sur 117 au niveau national avec un score ISPE de 50.7 (modéré). Ce classement s'explique principalement par : toilettes améliorées (wc / eau) (%) ; établissements avec terrain de sport (%) ; bâtiments construits depuis 2010 (%). Le territoire conserve des atouts relatifs sur : enseignants pour 100 jardins d'enfants ; jardins d'enfants pour 100 écoles primaires ; enseignants du préscolaire pour 100 établissements."
"Plateaux","Kpélé","Kpélé 1",1,"Classe 1 — Priorité critique : déficits marqués en couverture scolaire",47.3,93,"Modéré","Points de toilettes pour 100 établissements|Toilettes améliorées (WC / eau) (%)|Établissements pour 100 km²","Établissements avec terrain de sport (%)|Bâtiments construits depuis 2010 (%)|Bâtiments recensés par établissement","-0.69|-0.43|-0.36","0.56|0.76|1.42","Kpélé 1 se situe au rang 93 sur 117 au niveau national avec un score ISPE de 47.3 (modéré). Ce classement s'explique principalement par : points de toilettes pour 100 établissements ; toilettes améliorées (wc / eau) (%) ; établissements pour 100 km². Le territoire conserve des atouts relatifs sur : établissements avec terrain de sport (%) ; bâtiments construits depuis 2010 (%) ; bâtiments recensés par établissement."
"Plateaux","Kpélé","Kpélé 2",2,"Classe 2 — Priorité élevée : déficits marqués en infrastructures essentielles",62,25,"Prioritaire","Bâtiments construits depuis 2010 (%)|Points de toilettes pour 100 établissements|Jardins d'enfants pour 100 écoles primaires","Enseignants pour 100 jardins d'enfants|Établissements avec terrain de sport (%)|Bâtiments recensés par établissement","-0.95|-0.9|-0.57","0.41|0.55|0.62","Kpélé 2 se situe au rang 25 sur 117 au niveau national avec un score ISPE de 62 (prioritaire). Ce classement s'explique principalement par : bâtiments construits depuis 2010 (%) ; points de toilettes pour 100 établissements ; jardins d'enfants pour 100 écoles primaires. Le territoire conserve des atouts relatifs sur : enseignants pour 100 jardins d'enfants ; établissements avec terrain de sport (%) ; bâtiments recensés par établissement."
"Plateaux","Moyen-Mono","Moyen-Mono 1",1,"Classe 1 — Priorité critique : déficits marqués en couverture scolaire",61.5,29,"Prioritaire","Toilettes améliorées (WC / eau) (%)|Enseignants pour 100 jardins d'enfants|Enseignants du préscolaire pour 100 établissements","Établissements avec terrain de sport (%)|Bâtiments recensés par établissement|Bâtiments construits depuis 2010 (%)","-1.73|-0.99|-0.84","0.34|0.91|1.14","Moyen-Mono 1 se situe au rang 29 sur 117 au niveau national avec un score ISPE de 61.5 (prioritaire). Ce classement s'explique principalement par : toilettes améliorées (wc / eau) (%) ; enseignants pour 100 jardins d'enfants ; enseignants du préscolaire pour 100 établissements. Le territoire conserve des atouts relatifs sur : établissements avec terrain de sport (%) ; bâtiments recensés par établissement ; bâtiments construits depuis 2010 (%)."
"Plateaux","Moyen-Mono","Moyen-Mono 2",1,"Classe 1 — Priorité critique : déficits marqués en couverture scolaire",59.8,35,"Prioritaire","Toilettes améliorées (WC / eau) (%)|Enseignants pour 100 jardins d'enfants|Points de toilettes pour 100 établissements","Complétude du cycle éducatif (%)|Bâtiments recensés par établissement|Bâtiments construits depuis 2010 (%)","-1.06|-1|-0.93","0.09|1.24|1.34","Moyen-Mono 2 se situe au rang 35 sur 117 au niveau national avec un score ISPE de 59.8 (prioritaire). Ce classement s'explique principalement par : toilettes améliorées (wc / eau) (%) ; enseignants pour 100 jardins d'enfants ; points de toilettes pour 100 établissements. Le territoire conserve des atouts relatifs sur : complétude du cycle éducatif (%) ; bâtiments recensés par établissement ; bâtiments construits depuis 2010 (%)."
"Plateaux","Ogou","Ogou 1",2,"Classe 2 — Priorité élevée : déficits marqués en infrastructures essentielles",55.8,53,"À surveiller","Jardins d'enfants pour 100 écoles primaires|Bâtiments construits depuis 2010 (%)|Établissements avec terrain de sport (%)","Enseignants pour 100 jardins d'enfants|Bâtiments recensés par établissement|Toilettes améliorées (WC / eau) (%)","-0.61|-0.47|-0.35","0.23|0.53|0.78","Ogou 1 se situe au rang 53 sur 117 au niveau national avec un score ISPE de 55.8 (à surveiller). Ce classement s'explique principalement par : jardins d'enfants pour 100 écoles primaires ; bâtiments construits depuis 2010 (%) ; établissements avec terrain de sport (%). Le territoire conserve des atouts relatifs sur : enseignants pour 100 jardins d'enfants ; bâtiments recensés par établissement ; toilettes améliorées (wc / eau) (%)."
"Plateaux","Ogou","Ogou 2",1,"Classe 1 — Priorité critique : déficits marqués en couverture scolaire",63.9,16,"Très prioritaire","Jardins d'enfants pour 100 écoles primaires|Toilettes améliorées (WC / eau) (%)|Enseignants du préscolaire pour 100 établissements","Enseignants pour 100 jardins d'enfants|Bâtiments recensés par établissement|Établissements avec terrain de sport (%)","-1.86|-1.22|-1.03","0.23|0.97|2.49","Ogou 2 se situe au rang 16 sur 117 au niveau national avec un score ISPE de 63.9 (très prioritaire). Ce classement s'explique principalement par : jardins d'enfants pour 100 écoles primaires ; toilettes améliorées (wc / eau) (%) ; enseignants du préscolaire pour 100 établissements. Le territoire conserve des atouts relatifs sur : enseignants pour 100 jardins d'enfants ; bâtiments recensés par établissement ; établissements avec terrain de sport (%)."
"Plateaux","Ogou","Ogou 3",1,"Classe 1 — Priorité critique : déficits marqués en couverture scolaire",54.1,64,"À surveiller","Jardins d'enfants pour 100 écoles primaires|Enseignants du préscolaire pour 100 établissements|Toilettes améliorées (WC / eau) (%)","Bâtiments construits depuis 2010 (%)|Bâtiments recensés par établissement|Établissements avec terrain de sport (%)","-1.7|-0.95|-0.6","0.31|1.8|1.81","Ogou 3 se situe au rang 64 sur 117 au niveau national avec un score ISPE de 54.1 (à surveiller). Ce classement s'explique principalement par : jardins d'enfants pour 100 écoles primaires ; enseignants du préscolaire pour 100 établissements ; toilettes améliorées (wc / eau) (%). Le territoire conserve des atouts relatifs sur : bâtiments construits depuis 2010 (%) ; bâtiments recensés par établissement ; établissements avec terrain de sport (%)."
"Plateaux","Ogou","Ogou 4",1,"Classe 1 — Priorité critique : déficits marqués en couverture scolaire",57.1,48,"À surveiller","Jardins d'enfants pour 100 écoles primaires|Enseignants du préscolaire pour 100 établissements|Toilettes améliorées (WC / eau) (%)","Établissements avec terrain de sport (%)|Bâtiments construits depuis 2010 (%)|Bâtiments recensés par établissement","-2.25|-1.53|-0.8","0.26|1.17|1.5","Ogou 4 se situe au rang 48 sur 117 au niveau national avec un score ISPE de 57.1 (à surveiller). Ce classement s'explique principalement par : jardins d'enfants pour 100 écoles primaires ; enseignants du préscolaire pour 100 établissements ; toilettes améliorées (wc / eau) (%). Le territoire conserve des atouts relatifs sur : établissements avec terrain de sport (%) ; bâtiments construits depuis 2010 (%) ; bâtiments recensés par établissement."
"Plateaux","Wawa","Wawa 1",2,"Classe 2 — Priorité élevée : déficits marqués en infrastructures essentielles",76.6,1,"Très prioritaire","Points de toilettes pour 100 établissements|Jardins d'enfants pour 100 écoles primaires|Bâtiments construits depuis 2010 (%)","Bibliothèques pour 100 établissements|Complétude du cycle éducatif (%)|Toilettes améliorées (WC / eau) (%)","-1.54|-1.16|-1.11","0|0.09|0.87","Wawa 1 se situe au rang 1 sur 117 au niveau national avec un score ISPE de 76.6 (très prioritaire). Ce classement s'explique principalement par : points de toilettes pour 100 établissements ; jardins d'enfants pour 100 écoles primaires ; bâtiments construits depuis 2010 (%). Le territoire conserve des atouts relatifs sur : bibliothèques pour 100 établissements ; complétude du cycle éducatif (%) ; toilettes améliorées (wc / eau) (%)."
"Plateaux","Wawa","Wawa 2",1,"Classe 1 — Priorité critique : déficits marqués en couverture scolaire",76.2,2,"Très prioritaire","Points de toilettes pour 100 établissements|Jardins d'enfants pour 100 écoles primaires|Établissements avec terrain de sport (%)","Complétude du cycle éducatif (%)|Toilettes améliorées (WC / eau) (%)|Bâtiments construits depuis 2010 (%)","-1.86|-1.5|-1.38","0.09|0.16|0.38","Wawa 2 se situe au rang 2 sur 117 au niveau national avec un score ISPE de 76.2 (très prioritaire). Ce classement s'explique principalement par : points de toilettes pour 100 établissements ; jardins d'enfants pour 100 écoles primaires ; établissements avec terrain de sport (%). Le territoire conserve des atouts relatifs sur : complétude du cycle éducatif (%) ; toilettes améliorées (wc / eau) (%) ; bâtiments construits depuis 2010 (%)."
"Plateaux","Wawa","Wawa 3",2,"Classe 2 — Priorité élevée : déficits marqués en infrastructures essentielles",62.9,21,"Très prioritaire","Points de toilettes pour 100 établissements|Établissements avec terrain de sport (%)|Bâtiments recensés par établissement","Enseignants du préscolaire pour 100 établissements|Jardins d'enfants pour 100 écoles primaires|Toilettes améliorées (WC / eau) (%)","-0.95|-0.77|-0.36","0.18|0.21|0.22","Wawa 3 se situe au rang 21 sur 117 au niveau national avec un score ISPE de 62.9 (très prioritaire). Ce classement s'explique principalement par : points de toilettes pour 100 établissements ; établissements avec terrain de sport (%) ; bâtiments recensés par établissement. Le territoire conserve des atouts relatifs sur : enseignants du préscolaire pour 100 établissements ; jardins d'enfants pour 100 écoles primaires ; toilettes améliorées (wc / eau) (%)."
"Savanes","Cinkassé","Cinkassé 1",4,"Classe 4 — Priorité faible : déficits marqués en couverture scolaire",43.9,104,"Satisfaisant","Établissements avec terrain de sport (%)|Établissements pour 100 km²|Jardins d'enfants pour 100 écoles primaires","Bâtiments recensés par établissement|Bâtiments construits depuis 2010 (%)|Points de toilettes pour 100 établissements","-1.51|-0.09|-0.01","0.56|0.69|1.59","Cinkassé 1 se situe au rang 104 sur 117 au niveau national avec un score ISPE de 43.9 (satisfaisant). Ce classement s'explique principalement par : établissements avec terrain de sport (%) ; établissements pour 100 km² ; jardins d'enfants pour 100 écoles primaires. Le territoire conserve des atouts relatifs sur : bâtiments recensés par établissement ; bâtiments construits depuis 2010 (%) ; points de toilettes pour 100 établissements."
"Savanes","Cinkassé","Cinkassé 2",4,"Classe 4 — Priorité faible : déficits marqués en couverture scolaire",47.4,91,"Modéré","Établissements avec terrain de sport (%)|Bâtiments construits depuis 2010 (%)|Toilettes améliorées (WC / eau) (%)","Jardins d'enfants pour 100 écoles primaires|Bâtiments recensés par établissement|Points de toilettes pour 100 établissements","-1.61|-1.28|-0.9","1.25|1.62|2","Cinkassé 2 se situe au rang 91 sur 117 au niveau national avec un score ISPE de 47.4 (modéré). Ce classement s'explique principalement par : établissements avec terrain de sport (%) ; bâtiments construits depuis 2010 (%) ; toilettes améliorées (wc / eau) (%). Le territoire conserve des atouts relatifs sur : jardins d'enfants pour 100 écoles primaires ; bâtiments recensés par établissement ; points de toilettes pour 100 établissements."
"Savanes","Kpendjal","Kpendjal 1",4,"Classe 4 — Priorité faible : déficits marqués en couverture scolaire",46.7,95,"Satisfaisant","Toilettes améliorées (WC / eau) (%)|Établissements avec terrain de sport (%)|Bâtiments recensés par établissement","Points de toilettes pour 100 établissements|Enseignants pour 100 jardins d'enfants|Enseignants du préscolaire pour 100 établissements","-1.45|-1.05|-0.92","1.29|2.5|2.5","Kpendjal 1 se situe au rang 95 sur 117 au niveau national avec un score ISPE de 46.7 (satisfaisant). Ce classement s'explique principalement par : toilettes améliorées (wc / eau) (%) ; établissements avec terrain de sport (%) ; bâtiments recensés par établissement. Le territoire conserve des atouts relatifs sur : points de toilettes pour 100 établissements ; enseignants pour 100 jardins d'enfants ; enseignants du préscolaire pour 100 établissements."
"Savanes","Kpendjal","Kpendjal 2",4,"Classe 4 — Priorité faible : déficits marqués en couverture scolaire",39.1,114,"Satisfaisant","Jardins d'enfants pour 100 écoles primaires|Toilettes améliorées (WC / eau) (%)|Établissements avec terrain de sport (%)","Bâtiments recensés par établissement|Enseignants pour 100 jardins d'enfants|Enseignants du préscolaire pour 100 établissements","-1.12|-1|-0.41","0.68|2.5|2.5","Kpendjal 2 se situe au rang 114 sur 117 au niveau national avec un score ISPE de 39.1 (satisfaisant). Ce classement s'explique principalement par : jardins d'enfants pour 100 écoles primaires ; toilettes améliorées (wc / eau) (%) ; établissements avec terrain de sport (%). Le territoire conserve des atouts relatifs sur : bâtiments recensés par établissement ; enseignants pour 100 jardins d'enfants ; enseignants du préscolaire pour 100 établissements."
"Savanes","Kpendjal-Ouest","Kpendjal-Ouest 1",4,"Classe 4 — Priorité faible : déficits marqués en couverture scolaire",62.3,23,"Très prioritaire","Enseignants pour 100 jardins d'enfants|Enseignants du préscolaire pour 100 établissements|Toilettes améliorées (WC / eau) (%)","Jardins d'enfants pour 100 écoles primaires|Bâtiments recensés par établissement|Points de toilettes pour 100 établissements","-2.5|-2.25|-1.08","0.41|0.94|2.2","Kpendjal-Ouest 1 se situe au rang 23 sur 117 au niveau national avec un score ISPE de 62.3 (très prioritaire). Ce classement s'explique principalement par : enseignants pour 100 jardins d'enfants ; enseignants du préscolaire pour 100 établissements ; toilettes améliorées (wc / eau) (%). Le territoire conserve des atouts relatifs sur : jardins d'enfants pour 100 écoles primaires ; bâtiments recensés par établissement ; points de toilettes pour 100 établissements."
"Savanes","Kpendjal-Ouest","Kpendjal-Ouest 2",4,"Classe 4 — Priorité faible : déficits marqués en couverture scolaire",65.5,14,"Très prioritaire","Enseignants pour 100 jardins d'enfants|Enseignants du préscolaire pour 100 établissements|Toilettes améliorées (WC / eau) (%)","Bâtiments construits depuis 2010 (%)|Jardins d'enfants pour 100 écoles primaires|Points de toilettes pour 100 établissements","-2.5|-2.25|-1.28","0.21|0.5|1.91","Kpendjal-Ouest 2 se situe au rang 14 sur 117 au niveau national avec un score ISPE de 65.5 (très prioritaire). Ce classement s'explique principalement par : enseignants pour 100 jardins d'enfants ; enseignants du préscolaire pour 100 établissements ; toilettes améliorées (wc / eau) (%). Le territoire conserve des atouts relatifs sur : bâtiments construits depuis 2010 (%) ; jardins d'enfants pour 100 écoles primaires ; points de toilettes pour 100 établissements."
"Savanes","Oti","Oti 1",4,"Classe 4 — Priorité faible : déficits marqués en couverture scolaire",48.2,88,"Modéré","Bâtiments construits depuis 2010 (%)|Établissements avec terrain de sport (%)|Jardins d'enfants pour 100 écoles primaires","Enseignants pour 100 jardins d'enfants|Points de toilettes pour 100 établissements|Toilettes améliorées (WC / eau) (%)","-0.73|-0.7|-0.54","0.34|1.24|2.03","Oti 1 se situe au rang 88 sur 117 au niveau national avec un score ISPE de 48.2 (modéré). Ce classement s'explique principalement par : bâtiments construits depuis 2010 (%) ; établissements avec terrain de sport (%) ; jardins d'enfants pour 100 écoles primaires. Le territoire conserve des atouts relatifs sur : enseignants pour 100 jardins d'enfants ; points de toilettes pour 100 établissements ; toilettes améliorées (wc / eau) (%)."
"Savanes","Oti","Oti 2",4,"Classe 4 — Priorité faible : déficits marqués en couverture scolaire",34.7,116,"Satisfaisant","Établissements pour 100 km²|Bibliothèques pour 100 établissements|Complétude du cycle éducatif (%)","Bâtiments recensés par établissement|Bâtiments construits depuis 2010 (%)|Toilettes améliorées (WC / eau) (%)","-0.38|0|0.09","1|1|1.04","Oti 2 se situe au rang 116 sur 117 au niveau national avec un score ISPE de 34.7 (satisfaisant). Ce classement s'explique principalement par : établissements pour 100 km² ; bibliothèques pour 100 établissements ; complétude du cycle éducatif (%). Le territoire conserve des atouts relatifs sur : bâtiments recensés par établissement ; bâtiments construits depuis 2010 (%) ; toilettes améliorées (wc / eau) (%)."
"Savanes","Oti-Sud","Oti-Sud 1",1,"Classe 1 — Priorité critique : déficits marqués en couverture scolaire",55.1,58,"À surveiller","Jardins d'enfants pour 100 écoles primaires|Enseignants du préscolaire pour 100 établissements|Enseignants pour 100 jardins d'enfants","Bâtiments construits depuis 2010 (%)|Points de toilettes pour 100 établissements|Bâtiments recensés par établissement","-1.27|-0.91|-0.53","0.72|0.73|0.82","Oti-Sud 1 se situe au rang 58 sur 117 au niveau national avec un score ISPE de 55.1 (à surveiller). Ce classement s'explique principalement par : jardins d'enfants pour 100 écoles primaires ; enseignants du préscolaire pour 100 établissements ; enseignants pour 100 jardins d'enfants. Le territoire conserve des atouts relatifs sur : bâtiments construits depuis 2010 (%) ; points de toilettes pour 100 établissements ; bâtiments recensés par établissement."
"Savanes","Oti-Sud","Oti-Sud 2",4,"Classe 4 — Priorité faible : déficits marqués en couverture scolaire",48.8,84,"Modéré","Jardins d'enfants pour 100 écoles primaires|Établissements avec terrain de sport (%)|Enseignants du préscolaire pour 100 établissements","Bâtiments construits depuis 2010 (%)|Toilettes améliorées (WC / eau) (%)|Points de toilettes pour 100 établissements","-1.7|-1.32|-1.2","0.57|2.17|2.5","Oti-Sud 2 se situe au rang 84 sur 117 au niveau national avec un score ISPE de 48.8 (modéré). Ce classement s'explique principalement par : jardins d'enfants pour 100 écoles primaires ; établissements avec terrain de sport (%) ; enseignants du préscolaire pour 100 établissements. Le territoire conserve des atouts relatifs sur : bâtiments construits depuis 2010 (%) ; toilettes améliorées (wc / eau) (%) ; points de toilettes pour 100 établissements."
"Savanes","Tandjoaré","Tandjoaré 1",2,"Classe 2 — Priorité élevée : déficits marqués en infrastructures essentielles",52.4,73,"Modéré","Établissements avec terrain de sport (%)|Toilettes améliorées (WC / eau) (%)|Enseignants pour 100 jardins d'enfants","Points de toilettes pour 100 établissements|Bâtiments construits depuis 2010 (%)|Jardins d'enfants pour 100 écoles primaires","-0.78|-0.67|-0.57","0.26|0.44|1.66","Tandjoaré 1 se situe au rang 73 sur 117 au niveau national avec un score ISPE de 52.4 (modéré). Ce classement s'explique principalement par : établissements avec terrain de sport (%) ; toilettes améliorées (wc / eau) (%) ; enseignants pour 100 jardins d'enfants. Le territoire conserve des atouts relatifs sur : points de toilettes pour 100 établissements ; bâtiments construits depuis 2010 (%) ; jardins d'enfants pour 100 écoles primaires."
"Savanes","Tandjoaré","Tandjoaré 2",2,"Classe 2 — Priorité élevée : déficits marqués en infrastructures essentielles",46.1,97,"Satisfaisant","Établissements avec terrain de sport (%)|Bâtiments recensés par établissement|Enseignants pour 100 jardins d'enfants","Enseignants du préscolaire pour 100 établissements|Bâtiments construits depuis 2010 (%)|Jardins d'enfants pour 100 écoles primaires","-0.7|-0.63|-0.56","0.53|0.82|2.5","Tandjoaré 2 se situe au rang 97 sur 117 au niveau national avec un score ISPE de 46.1 (satisfaisant). Ce classement s'explique principalement par : établissements avec terrain de sport (%) ; bâtiments recensés par établissement ; enseignants pour 100 jardins d'enfants. Le territoire conserve des atouts relatifs sur : enseignants du préscolaire pour 100 établissements ; bâtiments construits depuis 2010 (%) ; jardins d'enfants pour 100 écoles primaires."
"Savanes","Tône","Tône 1",4,"Classe 4 — Priorité faible : déficits marqués en couverture scolaire",50.4,77,"Modéré","Toilettes améliorées (WC / eau) (%)|Établissements avec terrain de sport (%)|Établissements pour 100 km²","Enseignants pour 100 jardins d'enfants|Points de toilettes pour 100 établissements|Bâtiments recensés par établissement","-0.97|-0.9|-0.23","0.49|0.64|1.24","Tône 1 se situe au rang 77 sur 117 au niveau national avec un score ISPE de 50.4 (modéré). Ce classement s'explique principalement par : toilettes améliorées (wc / eau) (%) ; établissements avec terrain de sport (%) ; établissements pour 100 km². Le territoire conserve des atouts relatifs sur : enseignants pour 100 jardins d'enfants ; points de toilettes pour 100 établissements ; bâtiments recensés par établissement."
"Savanes","Tône","Tône 2",2,"Classe 2 — Priorité élevée : déficits marqués en infrastructures essentielles",48.5,86,"Modéré","Établissements avec terrain de sport (%)|Toilettes améliorées (WC / eau) (%)|Établissements pour 100 km²","Bâtiments recensés par établissement|Jardins d'enfants pour 100 écoles primaires|Enseignants du préscolaire pour 100 établissements","-1.32|-0.72|-0.29","0.56|1.04|1.41","Tône 2 se situe au rang 86 sur 117 au niveau national avec un score ISPE de 48.5 (modéré). Ce classement s'explique principalement par : établissements avec terrain de sport (%) ; toilettes améliorées (wc / eau) (%) ; établissements pour 100 km². Le territoire conserve des atouts relatifs sur : bâtiments recensés par établissement ; jardins d'enfants pour 100 écoles primaires ; enseignants du préscolaire pour 100 établissements."
"Savanes","Tône","Tône 3",4,"Classe 4 — Priorité faible : déficits marqués en couverture scolaire",45.7,98,"Satisfaisant","Toilettes améliorées (WC / eau) (%)|Établissements avec terrain de sport (%)|Bâtiments construits depuis 2010 (%)","Bâtiments recensés par établissement|Jardins d'enfants pour 100 écoles primaires|Enseignants du préscolaire pour 100 établissements","-0.87|-0.59|-0.45","0.97|1.13|1.4","Tône 3 se situe au rang 98 sur 117 au niveau national avec un score ISPE de 45.7 (satisfaisant). Ce classement s'explique principalement par : toilettes améliorées (wc / eau) (%) ; établissements avec terrain de sport (%) ; bâtiments construits depuis 2010 (%). Le territoire conserve des atouts relatifs sur : bâtiments recensés par établissement ; jardins d'enfants pour 100 écoles primaires ; enseignants du préscolaire pour 100 établissements."
"Savanes","Tône","Tône 4",4,"Classe 4 — Priorité faible : déficits marqués en couverture scolaire",49.7,81,"Modéré","Toilettes améliorées (WC / eau) (%)|Établissements avec terrain de sport (%)|Jardins d'enfants pour 100 écoles primaires","Enseignants pour 100 jardins d'enfants|Points de toilettes pour 100 établissements|Bâtiments recensés par établissement","-1.32|-0.53|-0.39","0.49|0.91|1.89","Tône 4 se situe au rang 81 sur 117 au niveau national avec un score ISPE de 49.7 (modéré). Ce classement s'explique principalement par : toilettes améliorées (wc / eau) (%) ; établissements avec terrain de sport (%) ; jardins d'enfants pour 100 écoles primaires. Le territoire conserve des atouts relatifs sur : enseignants pour 100 jardins d'enfants ; points de toilettes pour 100 établissements ; bâtiments recensés par établissement."
