"region","prefecture","commune","ordre","action","dimension","impact_attendu","confiance","justification"
"Centrale","Blitta","Blitta 1",1,"Réhabiliter et électrifier les bâtiments scolaires","Infrastructures essentielles","Moyen",73,"50.8% de bâtiments construits depuis 2010 ; l'électrification nationale varie de 29% (primaire) à 66% (lycée) (UNESCO-ISU 2022)."
"Centrale","Blitta","Blitta 1",2,"Construire de nouvelles écoles pour densifier le maillage","Couverture scolaire","Moyen",68,"Densité de 18.8 établissements/100 km² et complétude du cycle de 100%, parmi les plus faibles du pays."
"Centrale","Blitta","Blitta 1",3,"Construire des bibliothèques scolaires","Infrastructures essentielles","Moyen",68,"Aucune bibliothèque scolaire recensée sur le territoire."
"Centrale","Blitta","Blitta 1",4,"Construire des blocs de toilettes et latrines améliorées","Infrastructures essentielles","Modéré",68,"113.3 points de toilettes pour 100 établissements ; au niveau national, seuls 6 à 38% des établissements disposent d'un assainissement de base (UNESCO-ISU 2022)."
"Centrale","Blitta","Blitta 2",1,"Construire de nouvelles écoles pour densifier le maillage","Couverture scolaire","Moyen",68,"Densité de 15.2 établissements/100 km² et complétude du cycle de 100%, parmi les plus faibles du pays."
"Centrale","Blitta","Blitta 2",2,"Construire des bibliothèques scolaires","Infrastructures essentielles","Moyen",63,"Aucune bibliothèque scolaire recensée sur le territoire."
"Centrale","Blitta","Blitta 2",3,"Construire des blocs de toilettes et latrines améliorées","Infrastructures essentielles","Modéré",63,"94.2 points de toilettes pour 100 établissements ; au niveau national, seuls 6 à 38% des établissements disposent d'un assainissement de base (UNESCO-ISU 2022)."
"Centrale","Blitta","Blitta 3",1,"Construire de nouvelles écoles pour densifier le maillage","Couverture scolaire","Très élevé",69,"Densité de 9.1 établissements/100 km² et complétude du cycle de 100%, parmi les plus faibles du pays."
"Centrale","Blitta","Blitta 3",2,"Construire des blocs de toilettes et latrines améliorées","Infrastructures essentielles","Très élevé",69,"49.2 points de toilettes pour 100 établissements ; au niveau national, seuls 6 à 38% des établissements disposent d'un assainissement de base (UNESCO-ISU 2022)."
"Centrale","Blitta","Blitta 3",3,"Aménager des terrains de sport","Infrastructures essentielles","Moyen",64,"Seuls 28% des établissements disposent d'un terrain de sport."
"Centrale","Blitta","Blitta 3",4,"Construire des bibliothèques scolaires","Infrastructures essentielles","Moyen",64,"Aucune bibliothèque scolaire recensée sur le territoire."
"Centrale","Mô","Mô 1",1,"Construire de nouvelles écoles pour densifier le maillage","Couverture scolaire","Très élevé",60,"Densité de 4.9 établissements/100 km² et complétude du cycle de 100%, parmi les plus faibles du pays."
"Centrale","Mô","Mô 1",2,"Construire des bibliothèques scolaires","Infrastructures essentielles","Moyen",55,"Aucune bibliothèque scolaire recensée sur le territoire."
"Centrale","Mô","Mô 2",1,"Construire de nouvelles écoles pour densifier le maillage","Couverture scolaire","Très élevé",60,"Densité de 6.7 établissements/100 km² et complétude du cycle de 100%, parmi les plus faibles du pays."
"Centrale","Mô","Mô 2",2,"Construire des bibliothèques scolaires","Infrastructures essentielles","Moyen",55,"Aucune bibliothèque scolaire recensée sur le territoire."
"Centrale","Mô","Mô 2",3,"Construire des blocs de toilettes et latrines améliorées","Infrastructures essentielles","Modéré",55,"82.1 points de toilettes pour 100 établissements ; au niveau national, seuls 6 à 38% des établissements disposent d'un assainissement de base (UNESCO-ISU 2022)."
"Centrale","Sotouboua","Sotouboua 1",1,"Réhabiliter et électrifier les bâtiments scolaires","Infrastructures essentielles","Très élevé",69,"39.7% de bâtiments construits depuis 2010 ; l'électrification nationale varie de 29% (primaire) à 66% (lycée) (UNESCO-ISU 2022)."
"Centrale","Sotouboua","Sotouboua 1",2,"Construire de nouvelles écoles pour densifier le maillage","Couverture scolaire","Élevé",69,"Densité de 13.7 établissements/100 km² et complétude du cycle de 100%, parmi les plus faibles du pays."
"Centrale","Sotouboua","Sotouboua 1",3,"Construire des bibliothèques scolaires","Infrastructures essentielles","Moyen",64,"Aucune bibliothèque scolaire recensée sur le territoire."
"Centrale","Sotouboua","Sotouboua 1",4,"Construire des blocs de toilettes et latrines améliorées","Infrastructures essentielles","Modéré",64,"64.8 points de toilettes pour 100 établissements ; au niveau national, seuls 6 à 38% des établissements disposent d'un assainissement de base (UNESCO-ISU 2022)."
"Centrale","Sotouboua","Sotouboua 2",1,"Construire de nouvelles écoles pour densifier le maillage","Couverture scolaire","Élevé",72,"Densité de 13.7 établissements/100 km² et complétude du cycle de 100%, parmi les plus faibles du pays."
"Centrale","Sotouboua","Sotouboua 2",2,"Construire des bibliothèques scolaires","Infrastructures essentielles","Moyen",67,"Aucune bibliothèque scolaire recensée sur le territoire."
"Centrale","Sotouboua","Sotouboua 2",3,"Construire des blocs de toilettes et latrines améliorées","Infrastructures essentielles","Modéré",67,"78.9 points de toilettes pour 100 établissements ; au niveau national, seuls 6 à 38% des établissements disposent d'un assainissement de base (UNESCO-ISU 2022)."
"Centrale","Sotouboua","Sotouboua 3",1,"Construire de nouvelles écoles pour densifier le maillage","Couverture scolaire","Élevé",62,"Densité de 12.9 établissements/100 km² et complétude du cycle de 100%, parmi les plus faibles du pays."
"Centrale","Sotouboua","Sotouboua 3",2,"Réhabiliter et électrifier les bâtiments scolaires","Infrastructures essentielles","Moyen",57,"52% de bâtiments construits depuis 2010 ; l'électrification nationale varie de 29% (primaire) à 66% (lycée) (UNESCO-ISU 2022)."
"Centrale","Sotouboua","Sotouboua 3",3,"Construire des bibliothèques scolaires","Infrastructures essentielles","Moyen",57,"Aucune bibliothèque scolaire recensée sur le territoire."
"Centrale","Sotouboua","Sotouboua 3",4,"Construire des blocs de toilettes et latrines améliorées","Infrastructures essentielles","Modéré",57,"78.7 points de toilettes pour 100 établissements ; au niveau national, seuls 6 à 38% des établissements disposent d'un assainissement de base (UNESCO-ISU 2022)."
"Centrale","Tchamba","Tchamba 1",1,"Développer l'offre préscolaire (jardins d'enfants)","Couverture scolaire","Élevé",66,"Seulement 32.5 jardins d'enfants pour 100 écoles primaires."
"Centrale","Tchamba","Tchamba 1",2,"Construire de nouvelles écoles pour densifier le maillage","Couverture scolaire","Élevé",66,"Densité de 15 établissements/100 km² et complétude du cycle de 100%, parmi les plus faibles du pays."
"Centrale","Tchamba","Tchamba 1",3,"Construire des bibliothèques scolaires","Infrastructures essentielles","Moyen",61,"Aucune bibliothèque scolaire recensée sur le territoire."
"Centrale","Tchamba","Tchamba 1",4,"Construire des blocs de toilettes et latrines améliorées","Infrastructures essentielles","Modéré",61,"82.4 points de toilettes pour 100 établissements ; au niveau national, seuls 6 à 38% des établissements disposent d'un assainissement de base (UNESCO-ISU 2022)."
"Centrale","Tchamba","Tchamba 2",1,"Développer l'offre préscolaire (jardins d'enfants)","Couverture scolaire","Très élevé",68,"Seulement 19.1 jardins d'enfants pour 100 écoles primaires."
"Centrale","Tchamba","Tchamba 2",2,"Construire de nouvelles écoles pour densifier le maillage","Couverture scolaire","Très élevé",68,"Densité de 8.3 établissements/100 km² et complétude du cycle de 100%, parmi les plus faibles du pays."
"Centrale","Tchamba","Tchamba 2",3,"Construire des bibliothèques scolaires","Infrastructures essentielles","Moyen",63,"Aucune bibliothèque scolaire recensée sur le territoire."
"Centrale","Tchamba","Tchamba 2",4,"Construire des blocs de toilettes et latrines améliorées","Infrastructures essentielles","Modéré",63,"70.7 points de toilettes pour 100 établissements ; au niveau national, seuls 6 à 38% des établissements disposent d'un assainissement de base (UNESCO-ISU 2022)."
"Centrale","Tchamba","Tchamba 3",1,"Développer l'offre préscolaire (jardins d'enfants)","Couverture scolaire","Très élevé",66,"Seulement 15.9 jardins d'enfants pour 100 écoles primaires."
"Centrale","Tchamba","Tchamba 3",2,"Construire de nouvelles écoles pour densifier le maillage","Couverture scolaire","Très élevé",66,"Densité de 9.2 établissements/100 km² et complétude du cycle de 100%, parmi les plus faibles du pays."
"Centrale","Tchamba","Tchamba 3",3,"Construire des bibliothèques scolaires","Infrastructures essentielles","Moyen",61,"Aucune bibliothèque scolaire recensée sur le territoire."
"Centrale","Tchamba","Tchamba 3",4,"Construire des blocs de toilettes et latrines améliorées","Infrastructures essentielles","Modéré",61,"68.5 points de toilettes pour 100 établissements ; au niveau national, seuls 6 à 38% des établissements disposent d'un assainissement de base (UNESCO-ISU 2022)."
"Centrale","Tchaoudjo","Tchaoudjo 1",1,"Réhabiliter et électrifier les bâtiments scolaires","Infrastructures essentielles","Élevé",81,"48.3% de bâtiments construits depuis 2010 ; l'électrification nationale varie de 29% (primaire) à 66% (lycée) (UNESCO-ISU 2022)."
"Centrale","Tchaoudjo","Tchaoudjo 1",2,"Construire des bibliothèques scolaires","Infrastructures essentielles","Moyen",76,"Aucune bibliothèque scolaire recensée sur le territoire."
"Centrale","Tchaoudjo","Tchaoudjo 2",1,"Construire de nouvelles écoles pour densifier le maillage","Couverture scolaire","Moyen",60,"Densité de 16 établissements/100 km² et complétude du cycle de 100%, parmi les plus faibles du pays."
"Centrale","Tchaoudjo","Tchaoudjo 2",2,"Réhabiliter et électrifier les bâtiments scolaires","Infrastructures essentielles","Moyen",55,"51.4% de bâtiments construits depuis 2010 ; l'électrification nationale varie de 29% (primaire) à 66% (lycée) (UNESCO-ISU 2022)."
"Centrale","Tchaoudjo","Tchaoudjo 2",3,"Construire des bibliothèques scolaires","Infrastructures essentielles","Moyen",55,"Aucune bibliothèque scolaire recensée sur le territoire."
"Centrale","Tchaoudjo","Tchaoudjo 2",4,"Construire des blocs de toilettes et latrines améliorées","Infrastructures essentielles","Modéré",55,"78.4 points de toilettes pour 100 établissements ; au niveau national, seuls 6 à 38% des établissements disposent d'un assainissement de base (UNESCO-ISU 2022)."
"Centrale","Tchaoudjo","Tchaoudjo 3",1,"Construire de nouvelles écoles pour densifier le maillage","Couverture scolaire","Très élevé",63,"Densité de 7.5 établissements/100 km² et complétude du cycle de 100%, parmi les plus faibles du pays."
"Centrale","Tchaoudjo","Tchaoudjo 3",2,"Construire des bibliothèques scolaires","Infrastructures essentielles","Moyen",58,"Aucune bibliothèque scolaire recensée sur le territoire."
"Centrale","Tchaoudjo","Tchaoudjo 3",3,"Construire des blocs de toilettes et latrines améliorées","Infrastructures essentielles","Modéré",58,"117.4 points de toilettes pour 100 établissements ; au niveau national, seuls 6 à 38% des établissements disposent d'un assainissement de base (UNESCO-ISU 2022)."
"Centrale","Tchaoudjo","Tchaoudjo 4",1,"Construire de nouvelles écoles pour densifier le maillage","Couverture scolaire","Très élevé",63,"Densité de 8.7 établissements/100 km² et complétude du cycle de 100%, parmi les plus faibles du pays."
"Centrale","Tchaoudjo","Tchaoudjo 4",2,"Développer l'offre préscolaire (jardins d'enfants)","Couverture scolaire","Élevé",63,"Seulement 34.6 jardins d'enfants pour 100 écoles primaires."
"Centrale","Tchaoudjo","Tchaoudjo 4",3,"Réhabiliter et électrifier les bâtiments scolaires","Infrastructures essentielles","Moyen",58,"53.4% de bâtiments construits depuis 2010 ; l'électrification nationale varie de 29% (primaire) à 66% (lycée) (UNESCO-ISU 2022)."
"Centrale","Tchaoudjo","Tchaoudjo 4",4,"Construire des bibliothèques scolaires","Infrastructures essentielles","Moyen",58,"Aucune bibliothèque scolaire recensée sur le territoire."
"Centrale","Tchaoudjo","Tchaoudjo 4",5,"Construire des blocs de toilettes et latrines améliorées","Infrastructures essentielles","Modéré",58,"118.2 points de toilettes pour 100 établissements ; au niveau national, seuls 6 à 38% des établissements disposent d'un assainissement de base (UNESCO-ISU 2022)."
"Kara","Assoli","Assoli 1",1,"Réhabiliter et électrifier les bâtiments scolaires","Infrastructures essentielles","Très élevé",65,"41% de bâtiments construits depuis 2010 ; l'électrification nationale varie de 29% (primaire) à 66% (lycée) (UNESCO-ISU 2022)."
"Kara","Assoli","Assoli 1",2,"Construire des bibliothèques scolaires","Infrastructures essentielles","Moyen",60,"Aucune bibliothèque scolaire recensée sur le territoire."
"Kara","Assoli","Assoli 1",3,"Construire de nouvelles écoles pour densifier le maillage","Couverture scolaire","Moyen",60,"Densité de 19.5 établissements/100 km² et complétude du cycle de 100%, parmi les plus faibles du pays."
"Kara","Assoli","Assoli 1",4,"Construire des blocs de toilettes et latrines améliorées","Infrastructures essentielles","Modéré",60,"72.6 points de toilettes pour 100 établissements ; au niveau national, seuls 6 à 38% des établissements disposent d'un assainissement de base (UNESCO-ISU 2022)."
"Kara","Assoli","Assoli 2",1,"Réhabiliter et électrifier les bâtiments scolaires","Infrastructures essentielles","Très élevé",62,"27.8% de bâtiments construits depuis 2010 ; l'électrification nationale varie de 29% (primaire) à 66% (lycée) (UNESCO-ISU 2022)."
"Kara","Assoli","Assoli 2",2,"Construire de nouvelles écoles pour densifier le maillage","Couverture scolaire","Élevé",62,"Densité de 12 établissements/100 km² et complétude du cycle de 100%, parmi les plus faibles du pays."
"Kara","Assoli","Assoli 2",3,"Construire des bibliothèques scolaires","Infrastructures essentielles","Moyen",57,"Aucune bibliothèque scolaire recensée sur le territoire."
"Kara","Assoli","Assoli 3",1,"Développer l'offre préscolaire (jardins d'enfants)","Couverture scolaire","Élevé",59,"Seulement 35 jardins d'enfants pour 100 écoles primaires."
"Kara","Assoli","Assoli 3",2,"Construire de nouvelles écoles pour densifier le maillage","Couverture scolaire","Élevé",59,"Densité de 13.6 établissements/100 km² et complétude du cycle de 100%, parmi les plus faibles du pays."
"Kara","Assoli","Assoli 3",3,"Construire des bibliothèques scolaires","Infrastructures essentielles","Moyen",54,"Aucune bibliothèque scolaire recensée sur le territoire."
"Kara","Assoli","Assoli 3",4,"Construire des blocs de toilettes et latrines améliorées","Infrastructures essentielles","Modéré",54,"96.7 points de toilettes pour 100 établissements ; au niveau national, seuls 6 à 38% des établissements disposent d'un assainissement de base (UNESCO-ISU 2022)."
"Kara","Bassar","Bassar 1",1,"Construire de nouvelles écoles pour densifier le maillage","Couverture scolaire","Très élevé",70,"Densité de 8 établissements/100 km² et complétude du cycle de 100%, parmi les plus faibles du pays."
"Kara","Bassar","Bassar 1",2,"Réhabiliter et électrifier les bâtiments scolaires","Infrastructures essentielles","Moyen",65,"51.4% de bâtiments construits depuis 2010 ; l'électrification nationale varie de 29% (primaire) à 66% (lycée) (UNESCO-ISU 2022)."
"Kara","Bassar","Bassar 1",3,"Construire des bibliothèques scolaires","Infrastructures essentielles","Moyen",65,"Aucune bibliothèque scolaire recensée sur le territoire."
"Kara","Bassar","Bassar 2",1,"Construire de nouvelles écoles pour densifier le maillage","Couverture scolaire","Élevé",68,"Densité de 11.4 établissements/100 km² et complétude du cycle de 100%, parmi les plus faibles du pays."
"Kara","Bassar","Bassar 2",2,"Construire des blocs de toilettes et latrines améliorées","Infrastructures essentielles","Moyen",63,"58.9 points de toilettes pour 100 établissements ; au niveau national, seuls 6 à 38% des établissements disposent d'un assainissement de base (UNESCO-ISU 2022)."
"Kara","Bassar","Bassar 2",3,"Construire des bibliothèques scolaires","Infrastructures essentielles","Moyen",63,"Aucune bibliothèque scolaire recensée sur le territoire."
"Kara","Bassar","Bassar 3",1,"Développer l'offre préscolaire (jardins d'enfants)","Couverture scolaire","Élevé",63,"Seulement 37.8 jardins d'enfants pour 100 écoles primaires."
"Kara","Bassar","Bassar 3",2,"Construire de nouvelles écoles pour densifier le maillage","Couverture scolaire","Élevé",63,"Densité de 13.6 établissements/100 km² et complétude du cycle de 100%, parmi les plus faibles du pays."
"Kara","Bassar","Bassar 3",3,"Construire des blocs de toilettes et latrines améliorées","Infrastructures essentielles","Moyen",58,"60 points de toilettes pour 100 établissements ; au niveau national, seuls 6 à 38% des établissements disposent d'un assainissement de base (UNESCO-ISU 2022)."
"Kara","Bassar","Bassar 3",4,"Construire des bibliothèques scolaires","Infrastructures essentielles","Moyen",58,"Aucune bibliothèque scolaire recensée sur le territoire."
"Kara","Bassar","Bassar 4",1,"Construire de nouvelles écoles pour densifier le maillage","Couverture scolaire","Élevé",59,"Densité de 12 établissements/100 km² et complétude du cycle de 100%, parmi les plus faibles du pays."
"Kara","Bassar","Bassar 4",2,"Construire des blocs de toilettes et latrines améliorées","Infrastructures essentielles","Élevé",59,"52.9 points de toilettes pour 100 établissements ; au niveau national, seuls 6 à 38% des établissements disposent d'un assainissement de base (UNESCO-ISU 2022)."
"Kara","Bassar","Bassar 4",3,"Construire des bibliothèques scolaires","Infrastructures essentielles","Moyen",54,"Aucune bibliothèque scolaire recensée sur le territoire."
"Kara","Binah","Binah 1",1,"Réhabiliter et électrifier les bâtiments scolaires","Infrastructures essentielles","Moyen",72,"50.6% de bâtiments construits depuis 2010 ; l'électrification nationale varie de 29% (primaire) à 66% (lycée) (UNESCO-ISU 2022)."
"Kara","Binah","Binah 1",2,"Construire des bibliothèques scolaires","Infrastructures essentielles","Moyen",67,"Aucune bibliothèque scolaire recensée sur le territoire."
"Kara","Binah","Binah 1",3,"Construire des blocs de toilettes et latrines améliorées","Infrastructures essentielles","Modéré",67,"67.6 points de toilettes pour 100 établissements ; au niveau national, seuls 6 à 38% des établissements disposent d'un assainissement de base (UNESCO-ISU 2022)."
"Kara","Binah","Binah 2",1,"Construire des bibliothèques scolaires","Infrastructures essentielles","Moyen",61,"Aucune bibliothèque scolaire recensée sur le territoire."
"Kara","Dankpen","Dankpen 1",1,"Construire des blocs de toilettes et latrines améliorées","Infrastructures essentielles","Moyen",69,"56.7 points de toilettes pour 100 établissements ; au niveau national, seuls 6 à 38% des établissements disposent d'un assainissement de base (UNESCO-ISU 2022)."
"Kara","Dankpen","Dankpen 1",2,"Construire de nouvelles écoles pour densifier le maillage","Couverture scolaire","Moyen",64,"Densité de 17.7 établissements/100 km² et complétude du cycle de 100%, parmi les plus faibles du pays."
"Kara","Dankpen","Dankpen 1",3,"Construire des bibliothèques scolaires","Infrastructures essentielles","Moyen",64,"Aucune bibliothèque scolaire recensée sur le territoire."
"Kara","Dankpen","Dankpen 2",1,"Construire de nouvelles écoles pour densifier le maillage","Couverture scolaire","Très élevé",65,"Densité de 9.8 établissements/100 km² et complétude du cycle de 100%, parmi les plus faibles du pays."
"Kara","Dankpen","Dankpen 2",2,"Développer l'offre préscolaire (jardins d'enfants)","Couverture scolaire","Élevé",65,"Seulement 33.3 jardins d'enfants pour 100 écoles primaires."
"Kara","Dankpen","Dankpen 2",3,"Construire des bibliothèques scolaires","Infrastructures essentielles","Moyen",60,"Aucune bibliothèque scolaire recensée sur le territoire."
"Kara","Dankpen","Dankpen 2",4,"Construire des blocs de toilettes et latrines améliorées","Infrastructures essentielles","Modéré",60,"70.9 points de toilettes pour 100 établissements ; au niveau national, seuls 6 à 38% des établissements disposent d'un assainissement de base (UNESCO-ISU 2022)."
"Kara","Dankpen","Dankpen 3",1,"Construire de nouvelles écoles pour densifier le maillage","Couverture scolaire","Élevé",71,"Densité de 10.8 établissements/100 km² et complétude du cycle de 100%, parmi les plus faibles du pays."
"Kara","Dankpen","Dankpen 3",2,"Construire des blocs de toilettes et latrines améliorées","Infrastructures essentielles","Élevé",71,"52.6 points de toilettes pour 100 établissements ; au niveau national, seuls 6 à 38% des établissements disposent d'un assainissement de base (UNESCO-ISU 2022)."
"Kara","Dankpen","Dankpen 3",3,"Construire des bibliothèques scolaires","Infrastructures essentielles","Moyen",66,"Aucune bibliothèque scolaire recensée sur le territoire."
"Kara","Doufelgou","Doufelgou 1",1,"Réhabiliter et électrifier les bâtiments scolaires","Infrastructures essentielles","Très élevé",70,"36.8% de bâtiments construits depuis 2010 ; l'électrification nationale varie de 29% (primaire) à 66% (lycée) (UNESCO-ISU 2022)."
"Kara","Doufelgou","Doufelgou 1",2,"Construire des bibliothèques scolaires","Infrastructures essentielles","Moyen",65,"Aucune bibliothèque scolaire recensée sur le territoire."
"Kara","Doufelgou","Doufelgou 1",3,"Construire des blocs de toilettes et latrines améliorées","Infrastructures essentielles","Modéré",65,"64 points de toilettes pour 100 établissements ; au niveau national, seuls 6 à 38% des établissements disposent d'un assainissement de base (UNESCO-ISU 2022)."
"Kara","Doufelgou","Doufelgou 2",1,"Réhabiliter et électrifier les bâtiments scolaires","Infrastructures essentielles","Élevé",62,"50% de bâtiments construits depuis 2010 ; l'électrification nationale varie de 29% (primaire) à 66% (lycée) (UNESCO-ISU 2022)."
"Kara","Doufelgou","Doufelgou 2",2,"Construire de nouvelles écoles pour densifier le maillage","Couverture scolaire","Moyen",62,"Densité de 16.1 établissements/100 km² et complétude du cycle de 100%, parmi les plus faibles du pays."
"Kara","Doufelgou","Doufelgou 2",3,"Construire des bibliothèques scolaires","Infrastructures essentielles","Moyen",57,"Aucune bibliothèque scolaire recensée sur le territoire."
"Kara","Doufelgou","Doufelgou 3",1,"Construire de nouvelles écoles pour densifier le maillage","Couverture scolaire","Élevé",63,"Densité de 12.1 établissements/100 km² et complétude du cycle de 100%, parmi les plus faibles du pays."
"Kara","Doufelgou","Doufelgou 3",2,"Construire des bibliothèques scolaires","Infrastructures essentielles","Moyen",58,"Aucune bibliothèque scolaire recensée sur le territoire."
"Kara","Kozah","Kozah 1",1,"Réhabiliter et électrifier les bâtiments scolaires","Infrastructures essentielles","Élevé",83,"47.3% de bâtiments construits depuis 2010 ; l'électrification nationale varie de 29% (primaire) à 66% (lycée) (UNESCO-ISU 2022)."
"Kara","Kozah","Kozah 1",2,"Construire des bibliothèques scolaires","Infrastructures essentielles","Moyen",78,"Aucune bibliothèque scolaire recensée sur le territoire."
"Kara","Kozah","Kozah 2",1,"Réhabiliter et électrifier les bâtiments scolaires","Infrastructures essentielles","Très élevé",68,"24.2% de bâtiments construits depuis 2010 ; l'électrification nationale varie de 29% (primaire) à 66% (lycée) (UNESCO-ISU 2022)."
"Kara","Kozah","Kozah 2",2,"Construire des bibliothèques scolaires","Infrastructures essentielles","Moyen",63,"Aucune bibliothèque scolaire recensée sur le territoire."
"Kara","Kozah","Kozah 3",1,"Réhabiliter et électrifier les bâtiments scolaires","Infrastructures essentielles","Très élevé",65,"39.7% de bâtiments construits depuis 2010 ; l'électrification nationale varie de 29% (primaire) à 66% (lycée) (UNESCO-ISU 2022)."
"Kara","Kozah","Kozah 3",2,"Construire des blocs de toilettes et latrines améliorées","Infrastructures essentielles","Moyen",60,"59.3 points de toilettes pour 100 établissements ; au niveau national, seuls 6 à 38% des établissements disposent d'un assainissement de base (UNESCO-ISU 2022)."
"Kara","Kozah","Kozah 3",3,"Construire des bibliothèques scolaires","Infrastructures essentielles","Moyen",60,"Aucune bibliothèque scolaire recensée sur le territoire."
"Kara","Kozah","Kozah 4",1,"Réhabiliter et électrifier les bâtiments scolaires","Infrastructures essentielles","Élevé",64,"45.7% de bâtiments construits depuis 2010 ; l'électrification nationale varie de 29% (primaire) à 66% (lycée) (UNESCO-ISU 2022)."
"Kara","Kozah","Kozah 4",2,"Construire de nouvelles écoles pour densifier le maillage","Couverture scolaire","Moyen",59,"Densité de 17.5 établissements/100 km² et complétude du cycle de 100%, parmi les plus faibles du pays."
"Kara","Kozah","Kozah 4",3,"Construire des bibliothèques scolaires","Infrastructures essentielles","Moyen",59,"Aucune bibliothèque scolaire recensée sur le territoire."
"Kara","Kozah","Kozah 4",4,"Construire des blocs de toilettes et latrines améliorées","Infrastructures essentielles","Modéré",59,"68.9 points de toilettes pour 100 établissements ; au niveau national, seuls 6 à 38% des établissements disposent d'un assainissement de base (UNESCO-ISU 2022)."
"Kara","Kéran","Kéran 1",1,"Construire de nouvelles écoles pour densifier le maillage","Couverture scolaire","Élevé",63,"Densité de 11.5 établissements/100 km² et complétude du cycle de 100%, parmi les plus faibles du pays."
"Kara","Kéran","Kéran 1",2,"Recruter et affecter des enseignants","Capacité enseignante","Élevé",63,"Taux d'encadrement estimé à 146.5 enseignants pour 100 jardins d'enfants, sous la référence nationale."
"Kara","Kéran","Kéran 1",3,"Construire des bibliothèques scolaires","Infrastructures essentielles","Moyen",58,"Aucune bibliothèque scolaire recensée sur le territoire."
"Kara","Kéran","Kéran 1",4,"Construire des blocs de toilettes et latrines améliorées","Infrastructures essentielles","Modéré",58,"74.7 points de toilettes pour 100 établissements ; au niveau national, seuls 6 à 38% des établissements disposent d'un assainissement de base (UNESCO-ISU 2022)."
"Kara","Kéran","Kéran 2",1,"Construire de nouvelles écoles pour densifier le maillage","Couverture scolaire","Très élevé",61,"Densité de 10.3 établissements/100 km² et complétude du cycle de 100%, parmi les plus faibles du pays."
"Kara","Kéran","Kéran 2",2,"Recruter et affecter des enseignants","Capacité enseignante","Élevé",61,"Taux d'encadrement estimé à 146.5 enseignants pour 100 jardins d'enfants, sous la référence nationale."
"Kara","Kéran","Kéran 2",3,"Construire des bibliothèques scolaires","Infrastructures essentielles","Moyen",56,"Aucune bibliothèque scolaire recensée sur le territoire."
"Kara","Kéran","Kéran 2",4,"Construire des blocs de toilettes et latrines améliorées","Infrastructures essentielles","Modéré",56,"69.6 points de toilettes pour 100 établissements ; au niveau national, seuls 6 à 38% des établissements disposent d'un assainissement de base (UNESCO-ISU 2022)."
"Kara","Kéran","Kéran 3",1,"Réhabiliter et électrifier les bâtiments scolaires","Infrastructures essentielles","Très élevé",62,"38.2% de bâtiments construits depuis 2010 ; l'électrification nationale varie de 29% (primaire) à 66% (lycée) (UNESCO-ISU 2022)."
"Kara","Kéran","Kéran 3",2,"Recruter et affecter des enseignants","Capacité enseignante","Élevé",62,"Taux d'encadrement estimé à 146.4 enseignants pour 100 jardins d'enfants, sous la référence nationale."
"Kara","Kéran","Kéran 3",3,"Construire de nouvelles écoles pour densifier le maillage","Couverture scolaire","Élevé",62,"Densité de 13.2 établissements/100 km² et complétude du cycle de 100%, parmi les plus faibles du pays."
"Kara","Kéran","Kéran 3",4,"Construire des bibliothèques scolaires","Infrastructures essentielles","Moyen",57,"Aucune bibliothèque scolaire recensée sur le territoire."
"Maritime","Agoè-Nyivé","Agoè-Nyivé 1",1,"Aménager des terrains de sport","Infrastructures essentielles","Très élevé",88,"Seuls 11.6% des établissements disposent d'un terrain de sport."
"Maritime","Agoè-Nyivé","Agoè-Nyivé 1",2,"Réhabiliter et électrifier les bâtiments scolaires","Infrastructures essentielles","Élevé",88,"43.3% de bâtiments construits depuis 2010 ; l'électrification nationale varie de 29% (primaire) à 66% (lycée) (UNESCO-ISU 2022)."
"Maritime","Agoè-Nyivé","Agoè-Nyivé 1",3,"Recruter et affecter des enseignants","Capacité enseignante","Moyen",83,"Taux d'encadrement estimé à 172.8 enseignants pour 100 jardins d'enfants, sous la référence nationale."
"Maritime","Agoè-Nyivé","Agoè-Nyivé 1",4,"Construire des bibliothèques scolaires","Infrastructures essentielles","Moyen",83,"Aucune bibliothèque scolaire recensée sur le territoire."
"Maritime","Agoè-Nyivé","Agoè-Nyivé 2",1,"Aménager des terrains de sport","Infrastructures essentielles","Très élevé",75,"Seuls 14.5% des établissements disposent d'un terrain de sport."
"Maritime","Agoè-Nyivé","Agoè-Nyivé 2",2,"Construire des blocs de toilettes et latrines améliorées","Infrastructures essentielles","Élevé",75,"51.6 points de toilettes pour 100 établissements ; au niveau national, seuls 6 à 38% des établissements disposent d'un assainissement de base (UNESCO-ISU 2022)."
"Maritime","Agoè-Nyivé","Agoè-Nyivé 2",3,"Recruter et affecter des enseignants","Capacité enseignante","Moyen",70,"Taux d'encadrement estimé à 172.8 enseignants pour 100 jardins d'enfants, sous la référence nationale."
"Maritime","Agoè-Nyivé","Agoè-Nyivé 2",4,"Construire des bibliothèques scolaires","Infrastructures essentielles","Moyen",70,"Aucune bibliothèque scolaire recensée sur le territoire."
"Maritime","Agoè-Nyivé","Agoè-Nyivé 3",1,"Aménager des terrains de sport","Infrastructures essentielles","Très élevé",70,"Seuls 8% des établissements disposent d'un terrain de sport."
"Maritime","Agoè-Nyivé","Agoè-Nyivé 3",2,"Recruter et affecter des enseignants","Capacité enseignante","Moyen",70,"Taux d'encadrement estimé à 172.7 enseignants pour 100 jardins d'enfants, sous la référence nationale."
"Maritime","Agoè-Nyivé","Agoè-Nyivé 3",3,"Construire des bibliothèques scolaires","Infrastructures essentielles","Moyen",65,"Aucune bibliothèque scolaire recensée sur le territoire."
"Maritime","Agoè-Nyivé","Agoè-Nyivé 4",1,"Aménager des terrains de sport","Infrastructures essentielles","Très élevé",77,"Seuls 11.2% des établissements disposent d'un terrain de sport."
"Maritime","Agoè-Nyivé","Agoè-Nyivé 4",2,"Construire des blocs de toilettes et latrines améliorées","Infrastructures essentielles","Élevé",77,"51 points de toilettes pour 100 établissements ; au niveau national, seuls 6 à 38% des établissements disposent d'un assainissement de base (UNESCO-ISU 2022)."
"Maritime","Agoè-Nyivé","Agoè-Nyivé 4",3,"Recruter et affecter des enseignants","Capacité enseignante","Moyen",72,"Taux d'encadrement estimé à 172.8 enseignants pour 100 jardins d'enfants, sous la référence nationale."
"Maritime","Agoè-Nyivé","Agoè-Nyivé 4",4,"Construire des bibliothèques scolaires","Infrastructures essentielles","Moyen",72,"Aucune bibliothèque scolaire recensée sur le territoire."
"Maritime","Agoè-Nyivé","Agoè-Nyivé 5",1,"Aménager des terrains de sport","Infrastructures essentielles","Élevé",78,"Seuls 17.6% des établissements disposent d'un terrain de sport."
"Maritime","Agoè-Nyivé","Agoè-Nyivé 5",2,"Construire des blocs de toilettes et latrines améliorées","Infrastructures essentielles","Élevé",78,"56.2 points de toilettes pour 100 établissements ; au niveau national, seuls 6 à 38% des établissements disposent d'un assainissement de base (UNESCO-ISU 2022)."
"Maritime","Agoè-Nyivé","Agoè-Nyivé 5",3,"Recruter et affecter des enseignants","Capacité enseignante","Moyen",78,"Taux d'encadrement estimé à 172.7 enseignants pour 100 jardins d'enfants, sous la référence nationale."
"Maritime","Agoè-Nyivé","Agoè-Nyivé 5",4,"Construire des bibliothèques scolaires","Infrastructures essentielles","Moyen",73,"Aucune bibliothèque scolaire recensée sur le territoire."
"Maritime","Agoè-Nyivé","Agoè-Nyivé 6",1,"Aménager des terrains de sport","Infrastructures essentielles","Élevé",77,"Seuls 16.8% des établissements disposent d'un terrain de sport."
"Maritime","Agoè-Nyivé","Agoè-Nyivé 6",2,"Construire des blocs de toilettes et latrines améliorées","Infrastructures essentielles","Élevé",77,"51.9 points de toilettes pour 100 établissements ; au niveau national, seuls 6 à 38% des établissements disposent d'un assainissement de base (UNESCO-ISU 2022)."
"Maritime","Agoè-Nyivé","Agoè-Nyivé 6",3,"Recruter et affecter des enseignants","Capacité enseignante","Moyen",72,"Taux d'encadrement estimé à 172.8 enseignants pour 100 jardins d'enfants, sous la référence nationale."
"Maritime","Agoè-Nyivé","Agoè-Nyivé 6",4,"Construire des bibliothèques scolaires","Infrastructures essentielles","Moyen",72,"Aucune bibliothèque scolaire recensée sur le territoire."
"Maritime","Avé","Avé 1",1,"Recruter et affecter des enseignants","Capacité enseignante","Très élevé",73,"Taux d'encadrement estimé à 131.2 enseignants pour 100 jardins d'enfants, sous la référence nationale."
"Maritime","Avé","Avé 1",2,"Développer l'offre préscolaire (jardins d'enfants)","Couverture scolaire","Moyen",73,"Seulement 41.7 jardins d'enfants pour 100 écoles primaires."
"Maritime","Avé","Avé 1",3,"Construire des bibliothèques scolaires","Infrastructures essentielles","Moyen",68,"Aucune bibliothèque scolaire recensée sur le territoire."
"Maritime","Avé","Avé 1",4,"Construire des blocs de toilettes et latrines améliorées","Infrastructures essentielles","Moyen",68,"62.6 points de toilettes pour 100 établissements ; au niveau national, seuls 6 à 38% des établissements disposent d'un assainissement de base (UNESCO-ISU 2022)."
"Maritime","Avé","Avé 2",1,"Recruter et affecter des enseignants","Capacité enseignante","Très élevé",65,"Taux d'encadrement estimé à 131 enseignants pour 100 jardins d'enfants, sous la référence nationale."
"Maritime","Avé","Avé 2",2,"Construire des blocs de toilettes et latrines améliorées","Infrastructures essentielles","Très élevé",65,"46.5 points de toilettes pour 100 établissements ; au niveau national, seuls 6 à 38% des établissements disposent d'un assainissement de base (UNESCO-ISU 2022)."
"Maritime","Avé","Avé 2",3,"Construire des bibliothèques scolaires","Infrastructures essentielles","Moyen",60,"Aucune bibliothèque scolaire recensée sur le territoire."
"Maritime","Bas-Mono","Bas-Mono 1",1,"Recruter et affecter des enseignants","Capacité enseignante","Très élevé",68,"Taux d'encadrement estimé à 92.6 enseignants pour 100 jardins d'enfants, sous la référence nationale."
"Maritime","Bas-Mono","Bas-Mono 1",2,"Développer l'offre préscolaire (jardins d'enfants)","Couverture scolaire","Moyen",68,"Seulement 42 jardins d'enfants pour 100 écoles primaires."
"Maritime","Bas-Mono","Bas-Mono 1",3,"Construire des bibliothèques scolaires","Infrastructures essentielles","Moyen",63,"Aucune bibliothèque scolaire recensée sur le territoire."
"Maritime","Bas-Mono","Bas-Mono 1",4,"Construire des blocs de toilettes et latrines améliorées","Infrastructures essentielles","Modéré",63,"76.3 points de toilettes pour 100 établissements ; au niveau national, seuls 6 à 38% des établissements disposent d'un assainissement de base (UNESCO-ISU 2022)."
"Maritime","Bas-Mono","Bas-Mono 2",1,"Recruter et affecter des enseignants","Capacité enseignante","Très élevé",64,"Taux d'encadrement estimé à 92.9 enseignants pour 100 jardins d'enfants, sous la référence nationale."
"Maritime","Bas-Mono","Bas-Mono 2",2,"Développer l'offre préscolaire (jardins d'enfants)","Couverture scolaire","Très élevé",64,"Seulement 30.9 jardins d'enfants pour 100 écoles primaires."
"Maritime","Bas-Mono","Bas-Mono 2",3,"Construire des bibliothèques scolaires","Infrastructures essentielles","Moyen",59,"Aucune bibliothèque scolaire recensée sur le territoire."
"Maritime","Bas-Mono","Bas-Mono 2",4,"Construire des blocs de toilettes et latrines améliorées","Infrastructures essentielles","Modéré",59,"97.3 points de toilettes pour 100 établissements ; au niveau national, seuls 6 à 38% des établissements disposent d'un assainissement de base (UNESCO-ISU 2022)."
"Maritime","Golfe","Golfe 1",1,"Aménager des terrains de sport","Infrastructures essentielles","Très élevé",88,"Seuls 6.2% des établissements disposent d'un terrain de sport."
"Maritime","Golfe","Golfe 1",2,"Réhabiliter et électrifier les bâtiments scolaires","Infrastructures essentielles","Très élevé",88,"40.4% de bâtiments construits depuis 2010 ; l'électrification nationale varie de 29% (primaire) à 66% (lycée) (UNESCO-ISU 2022)."
"Maritime","Golfe","Golfe 1",3,"Recruter et affecter des enseignants","Capacité enseignante","Élevé",88,"Taux d'encadrement estimé à 145.4 enseignants pour 100 jardins d'enfants, sous la référence nationale."
"Maritime","Golfe","Golfe 1",4,"Construire des blocs de toilettes et latrines améliorées","Infrastructures essentielles","Moyen",83,"59.1 points de toilettes pour 100 établissements ; au niveau national, seuls 6 à 38% des établissements disposent d'un assainissement de base (UNESCO-ISU 2022)."
"Maritime","Golfe","Golfe 1",5,"Construire des bibliothèques scolaires","Infrastructures essentielles","Moyen",83,"Aucune bibliothèque scolaire recensée sur le territoire."
"Maritime","Golfe","Golfe 2",1,"Réhabiliter et électrifier les bâtiments scolaires","Infrastructures essentielles","Très élevé",86,"30.5% de bâtiments construits depuis 2010 ; l'électrification nationale varie de 29% (primaire) à 66% (lycée) (UNESCO-ISU 2022)."
"Maritime","Golfe","Golfe 2",2,"Aménager des terrains de sport","Infrastructures essentielles","Très élevé",86,"Seuls 10.9% des établissements disposent d'un terrain de sport."
"Maritime","Golfe","Golfe 2",3,"Recruter et affecter des enseignants","Capacité enseignante","Très élevé",86,"Taux d'encadrement estimé à 145.3 enseignants pour 100 jardins d'enfants, sous la référence nationale."
"Maritime","Golfe","Golfe 2",4,"Construire des bibliothèques scolaires","Infrastructures essentielles","Moyen",81,"Aucune bibliothèque scolaire recensée sur le territoire."
"Maritime","Golfe","Golfe 3",1,"Réhabiliter et électrifier les bâtiments scolaires","Infrastructures essentielles","Très élevé",74,"24.5% de bâtiments construits depuis 2010 ; l'électrification nationale varie de 29% (primaire) à 66% (lycée) (UNESCO-ISU 2022)."
"Maritime","Golfe","Golfe 3",2,"Aménager des terrains de sport","Infrastructures essentielles","Très élevé",74,"Seuls 14.8% des établissements disposent d'un terrain de sport."
"Maritime","Golfe","Golfe 3",3,"Recruter et affecter des enseignants","Capacité enseignante","Élevé",74,"Taux d'encadrement estimé à 145.4 enseignants pour 100 jardins d'enfants, sous la référence nationale."
"Maritime","Golfe","Golfe 3",4,"Construire des bibliothèques scolaires","Infrastructures essentielles","Moyen",69,"Aucune bibliothèque scolaire recensée sur le territoire."
"Maritime","Golfe","Golfe 4",1,"Réhabiliter et électrifier les bâtiments scolaires","Infrastructures essentielles","Très élevé",79,"15.6% de bâtiments construits depuis 2010 ; l'électrification nationale varie de 29% (primaire) à 66% (lycée) (UNESCO-ISU 2022)."
"Maritime","Golfe","Golfe 4",2,"Aménager des terrains de sport","Infrastructures essentielles","Très élevé",79,"Seuls 11.7% des établissements disposent d'un terrain de sport."
"Maritime","Golfe","Golfe 4",3,"Recruter et affecter des enseignants","Capacité enseignante","Élevé",79,"Taux d'encadrement estimé à 145.4 enseignants pour 100 jardins d'enfants, sous la référence nationale."
"Maritime","Golfe","Golfe 4",4,"Construire des bibliothèques scolaires","Infrastructures essentielles","Moyen",74,"Aucune bibliothèque scolaire recensée sur le territoire."
"Maritime","Golfe","Golfe 5",1,"Réhabiliter et électrifier les bâtiments scolaires","Infrastructures essentielles","Très élevé",78,"34.4% de bâtiments construits depuis 2010 ; l'électrification nationale varie de 29% (primaire) à 66% (lycée) (UNESCO-ISU 2022)."
"Maritime","Golfe","Golfe 5",2,"Recruter et affecter des enseignants","Capacité enseignante","Très élevé",78,"Taux d'encadrement estimé à 145.3 enseignants pour 100 jardins d'enfants, sous la référence nationale."
"Maritime","Golfe","Golfe 5",3,"Aménager des terrains de sport","Infrastructures essentielles","Élevé",78,"Seuls 20% des établissements disposent d'un terrain de sport."
"Maritime","Golfe","Golfe 5",4,"Construire des bibliothèques scolaires","Infrastructures essentielles","Moyen",73,"Aucune bibliothèque scolaire recensée sur le territoire."
"Maritime","Golfe","Golfe 6",1,"Aménager des terrains de sport","Infrastructures essentielles","Très élevé",88,"Seuls 9.5% des établissements disposent d'un terrain de sport."
"Maritime","Golfe","Golfe 6",2,"Recruter et affecter des enseignants","Capacité enseignante","Élevé",88,"Taux d'encadrement estimé à 145.4 enseignants pour 100 jardins d'enfants, sous la référence nationale."
"Maritime","Golfe","Golfe 6",3,"Construire des blocs de toilettes et latrines améliorées","Infrastructures essentielles","Moyen",88,"57.3 points de toilettes pour 100 établissements ; au niveau national, seuls 6 à 38% des établissements disposent d'un assainissement de base (UNESCO-ISU 2022)."
"Maritime","Golfe","Golfe 6",4,"Construire des bibliothèques scolaires","Infrastructures essentielles","Moyen",83,"Aucune bibliothèque scolaire recensée sur le territoire."
"Maritime","Golfe","Golfe 7",1,"Aménager des terrains de sport","Infrastructures essentielles","Élevé",88,"Seuls 15.8% des établissements disposent d'un terrain de sport."
"Maritime","Golfe","Golfe 7",2,"Recruter et affecter des enseignants","Capacité enseignante","Élevé",88,"Taux d'encadrement estimé à 145.4 enseignants pour 100 jardins d'enfants, sous la référence nationale."
"Maritime","Golfe","Golfe 7",3,"Construire des bibliothèques scolaires","Infrastructures essentielles","Moyen",83,"Aucune bibliothèque scolaire recensée sur le territoire."
"Maritime","Lacs","Lacs 1",1,"Réhabiliter et électrifier les bâtiments scolaires","Infrastructures essentielles","Très élevé",62,"29.3% de bâtiments construits depuis 2010 ; l'électrification nationale varie de 29% (primaire) à 66% (lycée) (UNESCO-ISU 2022)."
"Maritime","Lacs","Lacs 1",2,"Recruter et affecter des enseignants","Capacité enseignante","Très élevé",62,"Taux d'encadrement estimé à 127.6 enseignants pour 100 jardins d'enfants, sous la référence nationale."
"Maritime","Lacs","Lacs 1",3,"Aménager des terrains de sport","Infrastructures essentielles","Moyen",62,"Seuls 25.3% des établissements disposent d'un terrain de sport."
"Maritime","Lacs","Lacs 1",4,"Construire des bibliothèques scolaires","Infrastructures essentielles","Moyen",57,"Aucune bibliothèque scolaire recensée sur le territoire."
"Maritime","Lacs","Lacs 2",1,"Recruter et affecter des enseignants","Capacité enseignante","Très élevé",62,"Taux d'encadrement estimé à 127.7 enseignants pour 100 jardins d'enfants, sous la référence nationale."
"Maritime","Lacs","Lacs 2",2,"Réhabiliter et électrifier les bâtiments scolaires","Infrastructures essentielles","Très élevé",62,"37.5% de bâtiments construits depuis 2010 ; l'électrification nationale varie de 29% (primaire) à 66% (lycée) (UNESCO-ISU 2022)."
"Maritime","Lacs","Lacs 2",3,"Développer l'offre préscolaire (jardins d'enfants)","Couverture scolaire","Élevé",62,"Seulement 37.1 jardins d'enfants pour 100 écoles primaires."
"Maritime","Lacs","Lacs 2",4,"Construire des bibliothèques scolaires","Infrastructures essentielles","Moyen",57,"Aucune bibliothèque scolaire recensée sur le territoire."
"Maritime","Lacs","Lacs 2",5,"Construire des blocs de toilettes et latrines améliorées","Infrastructures essentielles","Modéré",57,"63.8 points de toilettes pour 100 établissements ; au niveau national, seuls 6 à 38% des établissements disposent d'un assainissement de base (UNESCO-ISU 2022)."
"Maritime","Lacs","Lacs 3",1,"Recruter et affecter des enseignants","Capacité enseignante","Très élevé",77,"Taux d'encadrement estimé à 127.6 enseignants pour 100 jardins d'enfants, sous la référence nationale."
"Maritime","Lacs","Lacs 3",2,"Aménager des terrains de sport","Infrastructures essentielles","Très élevé",77,"Seuls 14.5% des établissements disposent d'un terrain de sport."
"Maritime","Lacs","Lacs 3",3,"Construire des blocs de toilettes et latrines améliorées","Infrastructures essentielles","Moyen",77,"57.8 points de toilettes pour 100 établissements ; au niveau national, seuls 6 à 38% des établissements disposent d'un assainissement de base (UNESCO-ISU 2022)."
"Maritime","Lacs","Lacs 3",4,"Construire des bibliothèques scolaires","Infrastructures essentielles","Moyen",72,"Aucune bibliothèque scolaire recensée sur le territoire."
"Maritime","Lacs","Lacs 4",1,"Recruter et affecter des enseignants","Capacité enseignante","Très élevé",64,"Taux d'encadrement estimé à 127.4 enseignants pour 100 jardins d'enfants, sous la référence nationale."
"Maritime","Lacs","Lacs 4",2,"Développer l'offre préscolaire (jardins d'enfants)","Couverture scolaire","Élevé",64,"Seulement 36.5 jardins d'enfants pour 100 écoles primaires."
"Maritime","Lacs","Lacs 4",3,"Réhabiliter et électrifier les bâtiments scolaires","Infrastructures essentielles","Élevé",64,"49.6% de bâtiments construits depuis 2010 ; l'électrification nationale varie de 29% (primaire) à 66% (lycée) (UNESCO-ISU 2022)."
"Maritime","Lacs","Lacs 4",4,"Construire des bibliothèques scolaires","Infrastructures essentielles","Moyen",59,"Aucune bibliothèque scolaire recensée sur le territoire."
"Maritime","Vo","Vo 1",1,"Recruter et affecter des enseignants","Capacité enseignante","Moyen",70,"Taux d'encadrement estimé à 162 enseignants pour 100 jardins d'enfants, sous la référence nationale."
"Maritime","Vo","Vo 1",2,"Construire des bibliothèques scolaires","Infrastructures essentielles","Moyen",65,"Aucune bibliothèque scolaire recensée sur le territoire."
"Maritime","Vo","Vo 1",3,"Construire des blocs de toilettes et latrines améliorées","Infrastructures essentielles","Modéré",65,"85.1 points de toilettes pour 100 établissements ; au niveau national, seuls 6 à 38% des établissements disposent d'un assainissement de base (UNESCO-ISU 2022)."
"Maritime","Vo","Vo 2",1,"Développer l'offre préscolaire (jardins d'enfants)","Couverture scolaire","Très élevé",60,"Seulement 31 jardins d'enfants pour 100 écoles primaires."
"Maritime","Vo","Vo 2",2,"Réhabiliter et électrifier les bâtiments scolaires","Infrastructures essentielles","Élevé",60,"44.3% de bâtiments construits depuis 2010 ; l'électrification nationale varie de 29% (primaire) à 66% (lycée) (UNESCO-ISU 2022)."
"Maritime","Vo","Vo 2",3,"Recruter et affecter des enseignants","Capacité enseignante","Moyen",60,"Taux d'encadrement estimé à 162.2 enseignants pour 100 jardins d'enfants, sous la référence nationale."
"Maritime","Vo","Vo 2",4,"Construire des bibliothèques scolaires","Infrastructures essentielles","Moyen",55,"Aucune bibliothèque scolaire recensée sur le territoire."
"Maritime","Vo","Vo 3",1,"Développer l'offre préscolaire (jardins d'enfants)","Couverture scolaire","Élevé",72,"Seulement 36.2 jardins d'enfants pour 100 écoles primaires."
"Maritime","Vo","Vo 3",2,"Recruter et affecter des enseignants","Capacité enseignante","Moyen",72,"Taux d'encadrement estimé à 161.8 enseignants pour 100 jardins d'enfants, sous la référence nationale."
"Maritime","Vo","Vo 3",3,"Construire des bibliothèques scolaires","Infrastructures essentielles","Moyen",67,"Aucune bibliothèque scolaire recensée sur le territoire."
"Maritime","Vo","Vo 3",4,"Construire des blocs de toilettes et latrines améliorées","Infrastructures essentielles","Moyen",67,"63.6 points de toilettes pour 100 établissements ; au niveau national, seuls 6 à 38% des établissements disposent d'un assainissement de base (UNESCO-ISU 2022)."
"Maritime","Vo","Vo 4",1,"Développer l'offre préscolaire (jardins d'enfants)","Couverture scolaire","Très élevé",64,"Seulement 29.8 jardins d'enfants pour 100 écoles primaires."
"Maritime","Vo","Vo 4",2,"Réhabiliter et électrifier les bâtiments scolaires","Infrastructures essentielles","Élevé",64,"43.6% de bâtiments construits depuis 2010 ; l'électrification nationale varie de 29% (primaire) à 66% (lycée) (UNESCO-ISU 2022)."
"Maritime","Vo","Vo 4",3,"Recruter et affecter des enseignants","Capacité enseignante","Moyen",64,"Taux d'encadrement estimé à 161.8 enseignants pour 100 jardins d'enfants, sous la référence nationale."
"Maritime","Vo","Vo 4",4,"Construire des bibliothèques scolaires","Infrastructures essentielles","Moyen",59,"Aucune bibliothèque scolaire recensée sur le territoire."
"Maritime","Vo","Vo 4",5,"Construire des blocs de toilettes et latrines améliorées","Infrastructures essentielles","Modéré",59,"68.5 points de toilettes pour 100 établissements ; au niveau national, seuls 6 à 38% des établissements disposent d'un assainissement de base (UNESCO-ISU 2022)."
"Maritime","Yoto","Yoto 1",1,"Développer l'offre préscolaire (jardins d'enfants)","Couverture scolaire","Élevé",74,"Seulement 35.4 jardins d'enfants pour 100 écoles primaires."
"Maritime","Yoto","Yoto 1",2,"Construire des blocs de toilettes et latrines améliorées","Infrastructures essentielles","Élevé",74,"54.8 points de toilettes pour 100 établissements ; au niveau national, seuls 6 à 38% des établissements disposent d'un assainissement de base (UNESCO-ISU 2022)."
"Maritime","Yoto","Yoto 1",3,"Construire des bibliothèques scolaires","Infrastructures essentielles","Moyen",69,"Aucune bibliothèque scolaire recensée sur le territoire."
"Maritime","Yoto","Yoto 2",1,"Développer l'offre préscolaire (jardins d'enfants)","Couverture scolaire","Très élevé",67,"Seulement 23 jardins d'enfants pour 100 écoles primaires."
"Maritime","Yoto","Yoto 2",2,"Réhabiliter et électrifier les bâtiments scolaires","Infrastructures essentielles","Moyen",67,"51.1% de bâtiments construits depuis 2010 ; l'électrification nationale varie de 29% (primaire) à 66% (lycée) (UNESCO-ISU 2022)."
"Maritime","Yoto","Yoto 2",3,"Construire des bibliothèques scolaires","Infrastructures essentielles","Moyen",62,"Aucune bibliothèque scolaire recensée sur le territoire."
"Maritime","Yoto","Yoto 2",4,"Construire des blocs de toilettes et latrines améliorées","Infrastructures essentielles","Moyen",62,"63.2 points de toilettes pour 100 établissements ; au niveau national, seuls 6 à 38% des établissements disposent d'un assainissement de base (UNESCO-ISU 2022)."
"Maritime","Yoto","Yoto 3",1,"Développer l'offre préscolaire (jardins d'enfants)","Couverture scolaire","Très élevé",70,"Seulement 19.2 jardins d'enfants pour 100 écoles primaires."
"Maritime","Yoto","Yoto 3",2,"Construire des blocs de toilettes et latrines améliorées","Infrastructures essentielles","Élevé",70,"55.6 points de toilettes pour 100 établissements ; au niveau national, seuls 6 à 38% des établissements disposent d'un assainissement de base (UNESCO-ISU 2022)."
"Maritime","Yoto","Yoto 3",3,"Construire des bibliothèques scolaires","Infrastructures essentielles","Moyen",65,"Aucune bibliothèque scolaire recensée sur le territoire."
"Maritime","Zio","Zio 1",1,"Recruter et affecter des enseignants","Capacité enseignante","Élevé",83,"Taux d'encadrement estimé à 146.1 enseignants pour 100 jardins d'enfants, sous la référence nationale."
"Maritime","Zio","Zio 1",2,"Construire des blocs de toilettes et latrines améliorées","Infrastructures essentielles","Élevé",83,"55.9 points de toilettes pour 100 établissements ; au niveau national, seuls 6 à 38% des établissements disposent d'un assainissement de base (UNESCO-ISU 2022)."
"Maritime","Zio","Zio 1",3,"Construire des bibliothèques scolaires","Infrastructures essentielles","Moyen",78,"Aucune bibliothèque scolaire recensée sur le territoire."
"Maritime","Zio","Zio 2",1,"Construire des blocs de toilettes et latrines améliorées","Infrastructures essentielles","Élevé",68,"50 points de toilettes pour 100 établissements ; au niveau national, seuls 6 à 38% des établissements disposent d'un assainissement de base (UNESCO-ISU 2022)."
"Maritime","Zio","Zio 2",2,"Recruter et affecter des enseignants","Capacité enseignante","Élevé",68,"Taux d'encadrement estimé à 146.2 enseignants pour 100 jardins d'enfants, sous la référence nationale."
"Maritime","Zio","Zio 2",3,"Aménager des terrains de sport","Infrastructures essentielles","Moyen",63,"Seuls 27.8% des établissements disposent d'un terrain de sport."
"Maritime","Zio","Zio 2",4,"Construire des bibliothèques scolaires","Infrastructures essentielles","Moyen",63,"Aucune bibliothèque scolaire recensée sur le territoire."
"Maritime","Zio","Zio 3",1,"Construire des blocs de toilettes et latrines améliorées","Infrastructures essentielles","Très élevé",74,"39.9 points de toilettes pour 100 établissements ; au niveau national, seuls 6 à 38% des établissements disposent d'un assainissement de base (UNESCO-ISU 2022)."
"Maritime","Zio","Zio 3",2,"Recruter et affecter des enseignants","Capacité enseignante","Élevé",74,"Taux d'encadrement estimé à 146.2 enseignants pour 100 jardins d'enfants, sous la référence nationale."
"Maritime","Zio","Zio 3",3,"Développer l'offre préscolaire (jardins d'enfants)","Couverture scolaire","Moyen",74,"Seulement 41.9 jardins d'enfants pour 100 écoles primaires."
"Maritime","Zio","Zio 3",4,"Construire des bibliothèques scolaires","Infrastructures essentielles","Moyen",69,"Aucune bibliothèque scolaire recensée sur le territoire."
"Maritime","Zio","Zio 4",1,"Construire des blocs de toilettes et latrines améliorées","Infrastructures essentielles","Très élevé",68,"40.4 points de toilettes pour 100 établissements ; au niveau national, seuls 6 à 38% des établissements disposent d'un assainissement de base (UNESCO-ISU 2022)."
"Maritime","Zio","Zio 4",2,"Développer l'offre préscolaire (jardins d'enfants)","Couverture scolaire","Élevé",68,"Seulement 34.4 jardins d'enfants pour 100 écoles primaires."
"Maritime","Zio","Zio 4",3,"Recruter et affecter des enseignants","Capacité enseignante","Élevé",68,"Taux d'encadrement estimé à 146.2 enseignants pour 100 jardins d'enfants, sous la référence nationale."
"Maritime","Zio","Zio 4",4,"Aménager des terrains de sport","Infrastructures essentielles","Moyen",63,"Seuls 28.6% des établissements disposent d'un terrain de sport."
"Maritime","Zio","Zio 4",5,"Construire des bibliothèques scolaires","Infrastructures essentielles","Moyen",63,"Aucune bibliothèque scolaire recensée sur le territoire."
"Plateaux","Agou","Agou 1",1,"Réhabiliter et électrifier les bâtiments scolaires","Infrastructures essentielles","Très élevé",72,"34.4% de bâtiments construits depuis 2010 ; l'électrification nationale varie de 29% (primaire) à 66% (lycée) (UNESCO-ISU 2022)."
"Plateaux","Agou","Agou 1",2,"Recruter et affecter des enseignants","Capacité enseignante","Élevé",72,"Taux d'encadrement estimé à 147 enseignants pour 100 jardins d'enfants, sous la référence nationale."
"Plateaux","Agou","Agou 1",3,"Construire des blocs de toilettes et latrines améliorées","Infrastructures essentielles","Élevé",72,"56.3 points de toilettes pour 100 établissements ; au niveau national, seuls 6 à 38% des établissements disposent d'un assainissement de base (UNESCO-ISU 2022)."
"Plateaux","Agou","Agou 1",4,"Construire des bibliothèques scolaires","Infrastructures essentielles","Moyen",67,"Aucune bibliothèque scolaire recensée sur le territoire."
"Plateaux","Agou","Agou 2",1,"Recruter et affecter des enseignants","Capacité enseignante","Élevé",65,"Taux d'encadrement estimé à 146.8 enseignants pour 100 jardins d'enfants, sous la référence nationale."
"Plateaux","Agou","Agou 2",2,"Construire des blocs de toilettes et latrines améliorées","Infrastructures essentielles","Élevé",65,"55.3 points de toilettes pour 100 établissements ; au niveau national, seuls 6 à 38% des établissements disposent d'un assainissement de base (UNESCO-ISU 2022)."
"Plateaux","Agou","Agou 2",3,"Construire de nouvelles écoles pour densifier le maillage","Couverture scolaire","Moyen",65,"Densité de 15.8 établissements/100 km² et complétude du cycle de 100%, parmi les plus faibles du pays."
"Plateaux","Agou","Agou 2",4,"Réhabiliter et électrifier les bâtiments scolaires","Infrastructures essentielles","Moyen",60,"53.5% de bâtiments construits depuis 2010 ; l'électrification nationale varie de 29% (primaire) à 66% (lycée) (UNESCO-ISU 2022)."
"Plateaux","Agou","Agou 2",5,"Construire des bibliothèques scolaires","Infrastructures essentielles","Moyen",60,"Aucune bibliothèque scolaire recensée sur le territoire."
"Plateaux","Akébou","Akébou 1",1,"Construire des blocs de toilettes et latrines améliorées","Infrastructures essentielles","Très élevé",67,"40.3 points de toilettes pour 100 établissements ; au niveau national, seuls 6 à 38% des établissements disposent d'un assainissement de base (UNESCO-ISU 2022)."
"Plateaux","Akébou","Akébou 1",2,"Aménager des terrains de sport","Infrastructures essentielles","Élevé",67,"Seuls 18.7% des établissements disposent d'un terrain de sport."
"Plateaux","Akébou","Akébou 1",3,"Construire des bibliothèques scolaires","Infrastructures essentielles","Moyen",62,"Aucune bibliothèque scolaire recensée sur le territoire."
"Plateaux","Akébou","Akébou 2",1,"Construire des blocs de toilettes et latrines améliorées","Infrastructures essentielles","Très élevé",62,"44.8 points de toilettes pour 100 établissements ; au niveau national, seuls 6 à 38% des établissements disposent d'un assainissement de base (UNESCO-ISU 2022)."
"Plateaux","Akébou","Akébou 2",2,"Construire de nouvelles écoles pour densifier le maillage","Couverture scolaire","Très élevé",62,"Densité de 9.6 établissements/100 km² et complétude du cycle de 100%, parmi les plus faibles du pays."
"Plateaux","Akébou","Akébou 2",3,"Construire des bibliothèques scolaires","Infrastructures essentielles","Moyen",57,"Aucune bibliothèque scolaire recensée sur le territoire."
"Plateaux","Amou","Amou 1",1,"Réhabiliter et électrifier les bâtiments scolaires","Infrastructures essentielles","Élevé",66,"41.6% de bâtiments construits depuis 2010 ; l'électrification nationale varie de 29% (primaire) à 66% (lycée) (UNESCO-ISU 2022)."
"Plateaux","Amou","Amou 1",2,"Construire des blocs de toilettes et latrines améliorées","Infrastructures essentielles","Moyen",61,"58.6 points de toilettes pour 100 établissements ; au niveau national, seuls 6 à 38% des établissements disposent d'un assainissement de base (UNESCO-ISU 2022)."
"Plateaux","Amou","Amou 1",3,"Construire des bibliothèques scolaires","Infrastructures essentielles","Moyen",61,"Aucune bibliothèque scolaire recensée sur le territoire."
"Plateaux","Amou","Amou 2",1,"Construire des blocs de toilettes et latrines améliorées","Infrastructures essentielles","Très élevé",63,"37.6 points de toilettes pour 100 établissements ; au niveau national, seuls 6 à 38% des établissements disposent d'un assainissement de base (UNESCO-ISU 2022)."
"Plateaux","Amou","Amou 2",2,"Construire des bibliothèques scolaires","Infrastructures essentielles","Moyen",58,"Aucune bibliothèque scolaire recensée sur le territoire."
"Plateaux","Amou","Amou 2",3,"Construire de nouvelles écoles pour densifier le maillage","Couverture scolaire","Moyen",58,"Densité de 20.8 établissements/100 km² et complétude du cycle de 100%, parmi les plus faibles du pays."
"Plateaux","Amou","Amou 3",1,"Développer l'offre préscolaire (jardins d'enfants)","Couverture scolaire","Très élevé",68,"Seulement 26.3 jardins d'enfants pour 100 écoles primaires."
"Plateaux","Amou","Amou 3",2,"Construire des blocs de toilettes et latrines améliorées","Infrastructures essentielles","Très élevé",68,"48.7 points de toilettes pour 100 établissements ; au niveau national, seuls 6 à 38% des établissements disposent d'un assainissement de base (UNESCO-ISU 2022)."
"Plateaux","Amou","Amou 3",3,"Construire de nouvelles écoles pour densifier le maillage","Couverture scolaire","Élevé",68,"Densité de 12.7 établissements/100 km² et complétude du cycle de 100%, parmi les plus faibles du pays."
"Plateaux","Amou","Amou 3",4,"Réhabiliter et électrifier les bâtiments scolaires","Infrastructures essentielles","Moyen",63,"53.5% de bâtiments construits depuis 2010 ; l'électrification nationale varie de 29% (primaire) à 66% (lycée) (UNESCO-ISU 2022)."
"Plateaux","Amou","Amou 3",5,"Construire des bibliothèques scolaires","Infrastructures essentielles","Moyen",63,"Aucune bibliothèque scolaire recensée sur le territoire."
"Plateaux","Anié","Anié 1",1,"Construire des blocs de toilettes et latrines améliorées","Infrastructures essentielles","Très élevé",72,"36.1 points de toilettes pour 100 établissements ; au niveau national, seuls 6 à 38% des établissements disposent d'un assainissement de base (UNESCO-ISU 2022)."
"Plateaux","Anié","Anié 1",2,"Développer l'offre préscolaire (jardins d'enfants)","Couverture scolaire","Élevé",72,"Seulement 34.7 jardins d'enfants pour 100 écoles primaires."
"Plateaux","Anié","Anié 1",3,"Construire des bibliothèques scolaires","Infrastructures essentielles","Moyen",67,"Aucune bibliothèque scolaire recensée sur le territoire."
"Plateaux","Anié","Anié 2",1,"Construire des blocs de toilettes et latrines améliorées","Infrastructures essentielles","Très élevé",70,"24.1 points de toilettes pour 100 établissements ; au niveau national, seuls 6 à 38% des établissements disposent d'un assainissement de base (UNESCO-ISU 2022)."
"Plateaux","Anié","Anié 2",2,"Développer l'offre préscolaire (jardins d'enfants)","Couverture scolaire","Très élevé",70,"Seulement 12.6 jardins d'enfants pour 100 écoles primaires."
"Plateaux","Anié","Anié 2",3,"Construire de nouvelles écoles pour densifier le maillage","Couverture scolaire","Très élevé",70,"Densité de 8.1 établissements/100 km² et complétude du cycle de 100%, parmi les plus faibles du pays."
"Plateaux","Anié","Anié 2",4,"Aménager des terrains de sport","Infrastructures essentielles","Moyen",65,"Seuls 28.8% des établissements disposent d'un terrain de sport."
"Plateaux","Anié","Anié 2",5,"Construire des bibliothèques scolaires","Infrastructures essentielles","Moyen",65,"Aucune bibliothèque scolaire recensée sur le territoire."
"Plateaux","Danyi","Danyi 1",1,"Recruter et affecter des enseignants","Capacité enseignante","Très élevé",67,"Taux d'encadrement estimé à 132.1 enseignants pour 100 jardins d'enfants, sous la référence nationale."
"Plateaux","Danyi","Danyi 1",2,"Construire des blocs de toilettes et latrines améliorées","Infrastructures essentielles","Très élevé",67,"46.8 points de toilettes pour 100 établissements ; au niveau national, seuls 6 à 38% des établissements disposent d'un assainissement de base (UNESCO-ISU 2022)."
"Plateaux","Danyi","Danyi 1",3,"Réhabiliter et électrifier les bâtiments scolaires","Infrastructures essentielles","Très élevé",67,"41% de bâtiments construits depuis 2010 ; l'électrification nationale varie de 29% (primaire) à 66% (lycée) (UNESCO-ISU 2022)."
"Plateaux","Danyi","Danyi 1",4,"Construire des bibliothèques scolaires","Infrastructures essentielles","Moyen",62,"Aucune bibliothèque scolaire recensée sur le territoire."
"Plateaux","Danyi","Danyi 2",1,"Construire des blocs de toilettes et latrines améliorées","Infrastructures essentielles","Très élevé",64,"34.6 points de toilettes pour 100 établissements ; au niveau national, seuls 6 à 38% des établissements disposent d'un assainissement de base (UNESCO-ISU 2022)."
"Plateaux","Danyi","Danyi 2",2,"Recruter et affecter des enseignants","Capacité enseignante","Très élevé",64,"Taux d'encadrement estimé à 132.1 enseignants pour 100 jardins d'enfants, sous la référence nationale."
"Plateaux","Danyi","Danyi 2",3,"Réhabiliter et électrifier les bâtiments scolaires","Infrastructures essentielles","Élevé",64,"44.7% de bâtiments construits depuis 2010 ; l'électrification nationale varie de 29% (primaire) à 66% (lycée) (UNESCO-ISU 2022)."
"Plateaux","Danyi","Danyi 2",4,"Aménager des terrains de sport","Infrastructures essentielles","Moyen",64,"Seuls 27.2% des établissements disposent d'un terrain de sport."
"Plateaux","Danyi","Danyi 2",5,"Construire des bibliothèques scolaires","Infrastructures essentielles","Moyen",59,"Aucune bibliothèque scolaire recensée sur le territoire."
"Plateaux","Est-Mono","Est-Mono 1",1,"Construire de nouvelles écoles pour densifier le maillage","Couverture scolaire","Élevé",68,"Densité de 11.7 établissements/100 km² et complétude du cycle de 100%, parmi les plus faibles du pays."
"Plateaux","Est-Mono","Est-Mono 1",2,"Développer l'offre préscolaire (jardins d'enfants)","Couverture scolaire","Élevé",68,"Seulement 39.3 jardins d'enfants pour 100 écoles primaires."
"Plateaux","Est-Mono","Est-Mono 1",3,"Construire des bibliothèques scolaires","Infrastructures essentielles","Moyen",63,"Aucune bibliothèque scolaire recensée sur le territoire."
"Plateaux","Est-Mono","Est-Mono 1",4,"Construire des blocs de toilettes et latrines améliorées","Infrastructures essentielles","Modéré",63,"69.9 points de toilettes pour 100 établissements ; au niveau national, seuls 6 à 38% des établissements disposent d'un assainissement de base (UNESCO-ISU 2022)."
"Plateaux","Est-Mono","Est-Mono 2",1,"Construire de nouvelles écoles pour densifier le maillage","Couverture scolaire","Élevé",71,"Densité de 10.4 établissements/100 km² et complétude du cycle de 100%, parmi les plus faibles du pays."
"Plateaux","Est-Mono","Est-Mono 2",2,"Développer l'offre préscolaire (jardins d'enfants)","Couverture scolaire","Élevé",71,"Seulement 36.7 jardins d'enfants pour 100 écoles primaires."
"Plateaux","Est-Mono","Est-Mono 2",3,"Construire des bibliothèques scolaires","Infrastructures essentielles","Moyen",66,"Aucune bibliothèque scolaire recensée sur le territoire."
"Plateaux","Est-Mono","Est-Mono 2",4,"Construire des blocs de toilettes et latrines améliorées","Infrastructures essentielles","Modéré",66,"75.6 points de toilettes pour 100 établissements ; au niveau national, seuls 6 à 38% des établissements disposent d'un assainissement de base (UNESCO-ISU 2022)."
"Plateaux","Est-Mono","Est-Mono 3",1,"Construire de nouvelles écoles pour densifier le maillage","Couverture scolaire","Moyen",54,"Densité de 18.1 établissements/100 km² et complétude du cycle de 100%, parmi les plus faibles du pays."
"Plateaux","Est-Mono","Est-Mono 3",2,"Construire des bibliothèques scolaires","Infrastructures essentielles","Moyen",54,"Aucune bibliothèque scolaire recensée sur le territoire."
"Plateaux","Est-Mono","Est-Mono 3",3,"Construire des blocs de toilettes et latrines améliorées","Infrastructures essentielles","Modéré",54,"89.5 points de toilettes pour 100 établissements ; au niveau national, seuls 6 à 38% des établissements disposent d'un assainissement de base (UNESCO-ISU 2022)."
"Plateaux","Haho","Haho 1",1,"Développer l'offre préscolaire (jardins d'enfants)","Couverture scolaire","Élevé",79,"Seulement 40.8 jardins d'enfants pour 100 écoles primaires."
"Plateaux","Haho","Haho 1",2,"Construire des blocs de toilettes et latrines améliorées","Infrastructures essentielles","Élevé",79,"56.4 points de toilettes pour 100 établissements ; au niveau national, seuls 6 à 38% des établissements disposent d'un assainissement de base (UNESCO-ISU 2022)."
"Plateaux","Haho","Haho 1",3,"Recruter et affecter des enseignants","Capacité enseignante","Moyen",74,"Taux d'encadrement estimé à 172.8 enseignants pour 100 jardins d'enfants, sous la référence nationale."
"Plateaux","Haho","Haho 1",4,"Construire des bibliothèques scolaires","Infrastructures essentielles","Moyen",74,"Aucune bibliothèque scolaire recensée sur le territoire."
"Plateaux","Haho","Haho 2",1,"Construire des blocs de toilettes et latrines améliorées","Infrastructures essentielles","Élevé",73,"50.4 points de toilettes pour 100 établissements ; au niveau national, seuls 6 à 38% des établissements disposent d'un assainissement de base (UNESCO-ISU 2022)."
"Plateaux","Haho","Haho 2",2,"Développer l'offre préscolaire (jardins d'enfants)","Couverture scolaire","Moyen",73,"Seulement 41.7 jardins d'enfants pour 100 écoles primaires."
"Plateaux","Haho","Haho 2",3,"Construire de nouvelles écoles pour densifier le maillage","Couverture scolaire","Moyen",73,"Densité de 16.1 établissements/100 km² et complétude du cycle de 100%, parmi les plus faibles du pays."
"Plateaux","Haho","Haho 2",4,"Construire des bibliothèques scolaires","Infrastructures essentielles","Moyen",68,"Aucune bibliothèque scolaire recensée sur le territoire."
"Plateaux","Haho","Haho 3",1,"Construire de nouvelles écoles (en priorité : lycée)","Couverture scolaire","Très élevé",68,"Densité de 19.9 établissements/100 km² et complétude du cycle de 75%, parmi les plus faibles du pays."
"Plateaux","Haho","Haho 3",2,"Construire des blocs de toilettes et latrines améliorées","Infrastructures essentielles","Très élevé",68,"46.8 points de toilettes pour 100 établissements ; au niveau national, seuls 6 à 38% des établissements disposent d'un assainissement de base (UNESCO-ISU 2022)."
"Plateaux","Haho","Haho 3",3,"Développer l'offre préscolaire (jardins d'enfants)","Couverture scolaire","Élevé",68,"Seulement 34 jardins d'enfants pour 100 écoles primaires."
"Plateaux","Haho","Haho 3",4,"Recruter et affecter des enseignants","Capacité enseignante","Moyen",63,"Taux d'encadrement estimé à 172.8 enseignants pour 100 jardins d'enfants, sous la référence nationale."
"Plateaux","Haho","Haho 3",5,"Construire des bibliothèques scolaires","Infrastructures essentielles","Moyen",63,"Aucune bibliothèque scolaire recensée sur le territoire."
"Plateaux","Haho","Haho 4",1,"Construire des blocs de toilettes et latrines améliorées","Infrastructures essentielles","Très élevé",72,"46.6 points de toilettes pour 100 établissements ; au niveau national, seuls 6 à 38% des établissements disposent d'un assainissement de base (UNESCO-ISU 2022)."
"Plateaux","Haho","Haho 4",2,"Développer l'offre préscolaire (jardins d'enfants)","Couverture scolaire","Élevé",72,"Seulement 36.2 jardins d'enfants pour 100 écoles primaires."
"Plateaux","Haho","Haho 4",3,"Construire de nouvelles écoles pour densifier le maillage","Couverture scolaire","Moyen",67,"Densité de 16.4 établissements/100 km² et complétude du cycle de 100%, parmi les plus faibles du pays."
"Plateaux","Haho","Haho 4",4,"Construire des bibliothèques scolaires","Infrastructures essentielles","Moyen",67,"Aucune bibliothèque scolaire recensée sur le territoire."
"Plateaux","Kloto","Kloto 1",1,"Réhabiliter et électrifier les bâtiments scolaires","Infrastructures essentielles","Très élevé",75,"38.7% de bâtiments construits depuis 2010 ; l'électrification nationale varie de 29% (primaire) à 66% (lycée) (UNESCO-ISU 2022)."
"Plateaux","Kloto","Kloto 1",2,"Aménager des terrains de sport","Infrastructures essentielles","Élevé",75,"Seuls 16.7% des établissements disposent d'un terrain de sport."
"Plateaux","Kloto","Kloto 1",3,"Construire des bibliothèques scolaires","Infrastructures essentielles","Moyen",70,"Aucune bibliothèque scolaire recensée sur le territoire."
"Plateaux","Kloto","Kloto 2",1,"Construire des blocs de toilettes et latrines améliorées","Infrastructures essentielles","Très élevé",65,"47 points de toilettes pour 100 établissements ; au niveau national, seuls 6 à 38% des établissements disposent d'un assainissement de base (UNESCO-ISU 2022)."
"Plateaux","Kloto","Kloto 2",2,"Réhabiliter et électrifier les bâtiments scolaires","Infrastructures essentielles","Élevé",65,"43.6% de bâtiments construits depuis 2010 ; l'électrification nationale varie de 29% (primaire) à 66% (lycée) (UNESCO-ISU 2022)."
"Plateaux","Kloto","Kloto 2",3,"Construire des bibliothèques scolaires","Infrastructures essentielles","Moyen",60,"Aucune bibliothèque scolaire recensée sur le territoire."
"Plateaux","Kloto","Kloto 3",1,"Aménager des terrains de sport","Infrastructures essentielles","Élevé",62,"Seuls 22.7% des établissements disposent d'un terrain de sport."
"Plateaux","Kloto","Kloto 3",2,"Réhabiliter et électrifier les bâtiments scolaires","Infrastructures essentielles","Moyen",62,"51.2% de bâtiments construits depuis 2010 ; l'électrification nationale varie de 29% (primaire) à 66% (lycée) (UNESCO-ISU 2022)."
"Plateaux","Kloto","Kloto 3",3,"Construire des bibliothèques scolaires","Infrastructures essentielles","Moyen",57,"Aucune bibliothèque scolaire recensée sur le territoire."
"Plateaux","Kloto","Kloto 3",4,"Construire des blocs de toilettes et latrines améliorées","Infrastructures essentielles","Modéré",57,"65.9 points de toilettes pour 100 établissements ; au niveau national, seuls 6 à 38% des établissements disposent d'un assainissement de base (UNESCO-ISU 2022)."
"Plateaux","Kpélé","Kpélé 1",1,"Construire des blocs de toilettes et latrines améliorées","Infrastructures essentielles","Élevé",70,"54.5 points de toilettes pour 100 établissements ; au niveau national, seuls 6 à 38% des établissements disposent d'un assainissement de base (UNESCO-ISU 2022)."
"Plateaux","Kpélé","Kpélé 1",2,"Construire des bibliothèques scolaires","Infrastructures essentielles","Moyen",65,"Aucune bibliothèque scolaire recensée sur le territoire."
"Plateaux","Kpélé","Kpélé 1",3,"Construire de nouvelles écoles pour densifier le maillage","Couverture scolaire","Moyen",65,"Densité de 20.8 établissements/100 km² et complétude du cycle de 100%, parmi les plus faibles du pays."
"Plateaux","Kpélé","Kpélé 2",1,"Construire des blocs de toilettes et latrines améliorées","Infrastructures essentielles","Élevé",62,"50.6 points de toilettes pour 100 établissements ; au niveau national, seuls 6 à 38% des établissements disposent d'un assainissement de base (UNESCO-ISU 2022)."
"Plateaux","Kpélé","Kpélé 2",2,"Réhabiliter et électrifier les bâtiments scolaires","Infrastructures essentielles","Élevé",62,"43.4% de bâtiments construits depuis 2010 ; l'électrification nationale varie de 29% (primaire) à 66% (lycée) (UNESCO-ISU 2022)."
"Plateaux","Kpélé","Kpélé 2",3,"Développer l'offre préscolaire (jardins d'enfants)","Couverture scolaire","Élevé",62,"Seulement 41.3 jardins d'enfants pour 100 écoles primaires."
"Plateaux","Kpélé","Kpélé 2",4,"Construire des bibliothèques scolaires","Infrastructures essentielles","Moyen",57,"Aucune bibliothèque scolaire recensée sur le territoire."
"Plateaux","Moyen-Mono","Moyen-Mono 1",1,"Recruter et affecter des enseignants","Capacité enseignante","Très élevé",67,"Taux d'encadrement estimé à 118.1 enseignants pour 100 jardins d'enfants, sous la référence nationale."
"Plateaux","Moyen-Mono","Moyen-Mono 1",2,"Construire des blocs de toilettes et latrines améliorées","Infrastructures essentielles","Moyen",67,"58.2 points de toilettes pour 100 établissements ; au niveau national, seuls 6 à 38% des établissements disposent d'un assainissement de base (UNESCO-ISU 2022)."
"Plateaux","Moyen-Mono","Moyen-Mono 1",3,"Construire des bibliothèques scolaires","Infrastructures essentielles","Moyen",62,"Aucune bibliothèque scolaire recensée sur le territoire."
"Plateaux","Moyen-Mono","Moyen-Mono 2",1,"Recruter et affecter des enseignants","Capacité enseignante","Très élevé",67,"Taux d'encadrement estimé à 117.8 enseignants pour 100 jardins d'enfants, sous la référence nationale."
"Plateaux","Moyen-Mono","Moyen-Mono 2",2,"Construire des blocs de toilettes et latrines améliorées","Infrastructures essentielles","Élevé",67,"50 points de toilettes pour 100 établissements ; au niveau national, seuls 6 à 38% des établissements disposent d'un assainissement de base (UNESCO-ISU 2022)."
"Plateaux","Moyen-Mono","Moyen-Mono 2",3,"Construire des bibliothèques scolaires","Infrastructures essentielles","Moyen",62,"Aucune bibliothèque scolaire recensée sur le territoire."
"Plateaux","Ogou","Ogou 1",1,"Développer l'offre préscolaire (jardins d'enfants)","Couverture scolaire","Élevé",71,"Seulement 40.5 jardins d'enfants pour 100 écoles primaires."
"Plateaux","Ogou","Ogou 1",2,"Réhabiliter et électrifier les bâtiments scolaires","Infrastructures essentielles","Élevé",71,"50.2% de bâtiments construits depuis 2010 ; l'électrification nationale varie de 29% (primaire) à 66% (lycée) (UNESCO-ISU 2022)."
"Plateaux","Ogou","Ogou 1",3,"Construire des bibliothèques scolaires","Infrastructures essentielles","Moyen",66,"Aucune bibliothèque scolaire recensée sur le territoire."
"Plateaux","Ogou","Ogou 2",1,"Développer l'offre préscolaire (jardins d'enfants)","Couverture scolaire","Très élevé",64,"Seulement 18.8 jardins d'enfants pour 100 écoles primaires."
"Plateaux","Ogou","Ogou 2",2,"Réhabiliter et électrifier les bâtiments scolaires","Infrastructures essentielles","Élevé",64,"43.7% de bâtiments construits depuis 2010 ; l'électrification nationale varie de 29% (primaire) à 66% (lycée) (UNESCO-ISU 2022)."
"Plateaux","Ogou","Ogou 2",3,"Construire de nouvelles écoles pour densifier le maillage","Couverture scolaire","Élevé",64,"Densité de 12.7 établissements/100 km² et complétude du cycle de 100%, parmi les plus faibles du pays."
"Plateaux","Ogou","Ogou 2",4,"Construire des blocs de toilettes et latrines améliorées","Infrastructures essentielles","Moyen",64,"58.2 points de toilettes pour 100 établissements ; au niveau national, seuls 6 à 38% des établissements disposent d'un assainissement de base (UNESCO-ISU 2022)."
"Plateaux","Ogou","Ogou 2",5,"Construire des bibliothèques scolaires","Infrastructures essentielles","Moyen",59,"Aucune bibliothèque scolaire recensée sur le territoire."
"Plateaux","Ogou","Ogou 3",1,"Développer l'offre préscolaire (jardins d'enfants)","Couverture scolaire","Très élevé",67,"Seulement 21.6 jardins d'enfants pour 100 écoles primaires."
"Plateaux","Ogou","Ogou 3",2,"Construire des blocs de toilettes et latrines améliorées","Infrastructures essentielles","Moyen",62,"58.4 points de toilettes pour 100 établissements ; au niveau national, seuls 6 à 38% des établissements disposent d'un assainissement de base (UNESCO-ISU 2022)."
"Plateaux","Ogou","Ogou 3",3,"Construire de nouvelles écoles pour densifier le maillage","Couverture scolaire","Moyen",62,"Densité de 16.8 établissements/100 km² et complétude du cycle de 100%, parmi les plus faibles du pays."
"Plateaux","Ogou","Ogou 3",4,"Construire des bibliothèques scolaires","Infrastructures essentielles","Moyen",62,"Aucune bibliothèque scolaire recensée sur le territoire."
"Plateaux","Ogou","Ogou 4",1,"Développer l'offre préscolaire (jardins d'enfants)","Couverture scolaire","Très élevé",63,"Seulement 12 jardins d'enfants pour 100 écoles primaires."
"Plateaux","Ogou","Ogou 4",2,"Construire de nouvelles écoles pour densifier le maillage","Couverture scolaire","Très élevé",63,"Densité de 8.9 établissements/100 km² et complétude du cycle de 100%, parmi les plus faibles du pays."
"Plateaux","Ogou","Ogou 4",3,"Construire des bibliothèques scolaires","Infrastructures essentielles","Moyen",58,"Aucune bibliothèque scolaire recensée sur le territoire."
"Plateaux","Ogou","Ogou 4",4,"Construire des blocs de toilettes et latrines améliorées","Infrastructures essentielles","Modéré",58,"68.4 points de toilettes pour 100 établissements ; au niveau national, seuls 6 à 38% des établissements disposent d'un assainissement de base (UNESCO-ISU 2022)."
"Plateaux","Wawa","Wawa 1",1,"Construire des blocs de toilettes et latrines améliorées","Infrastructures essentielles","Très élevé",68,"38.1 points de toilettes pour 100 établissements ; au niveau national, seuls 6 à 38% des établissements disposent d'un assainissement de base (UNESCO-ISU 2022)."
"Plateaux","Wawa","Wawa 1",2,"Développer l'offre préscolaire (jardins d'enfants)","Couverture scolaire","Très élevé",68,"Seulement 31 jardins d'enfants pour 100 écoles primaires."
"Plateaux","Wawa","Wawa 1",3,"Réhabiliter et électrifier les bâtiments scolaires","Infrastructures essentielles","Élevé",68,"41.3% de bâtiments construits depuis 2010 ; l'électrification nationale varie de 29% (primaire) à 66% (lycée) (UNESCO-ISU 2022)."
"Plateaux","Wawa","Wawa 1",4,"Construire des bibliothèques scolaires","Infrastructures essentielles","Moyen",63,"Aucune bibliothèque scolaire recensée sur le territoire."
"Plateaux","Wawa","Wawa 2",1,"Construire des blocs de toilettes et latrines améliorées","Infrastructures essentielles","Très élevé",62,"31.8 points de toilettes pour 100 établissements ; au niveau national, seuls 6 à 38% des établissements disposent d'un assainissement de base (UNESCO-ISU 2022)."
"Plateaux","Wawa","Wawa 2",2,"Développer l'offre préscolaire (jardins d'enfants)","Couverture scolaire","Très élevé",62,"Seulement 25 jardins d'enfants pour 100 écoles primaires."
"Plateaux","Wawa","Wawa 2",3,"Aménager des terrains de sport","Infrastructures essentielles","Élevé",62,"Seuls 16.7% des établissements disposent d'un terrain de sport."
"Plateaux","Wawa","Wawa 2",4,"Construire des bibliothèques scolaires","Infrastructures essentielles","Moyen",57,"Aucune bibliothèque scolaire recensée sur le territoire."
"Plateaux","Wawa","Wawa 2",5,"Construire de nouvelles écoles pour densifier le maillage","Couverture scolaire","Moyen",57,"Densité de 19.4 établissements/100 km² et complétude du cycle de 100%, parmi les plus faibles du pays."
"Plateaux","Wawa","Wawa 3",1,"Construire des blocs de toilettes et latrines améliorées","Infrastructures essentielles","Élevé",67,"49.5 points de toilettes pour 100 établissements ; au niveau national, seuls 6 à 38% des établissements disposent d'un assainissement de base (UNESCO-ISU 2022)."
"Plateaux","Wawa","Wawa 3",2,"Aménager des terrains de sport","Infrastructures essentielles","Élevé",67,"Seuls 24.2% des établissements disposent d'un terrain de sport."
"Plateaux","Wawa","Wawa 3",3,"Construire des bibliothèques scolaires","Infrastructures essentielles","Moyen",62,"Aucune bibliothèque scolaire recensée sur le territoire."
"Savanes","Cinkassé","Cinkassé 1",1,"Aménager des terrains de sport","Infrastructures essentielles","Élevé",66,"Seuls 15.1% des établissements disposent d'un terrain de sport."
"Savanes","Cinkassé","Cinkassé 1",2,"Construire des bibliothèques scolaires","Infrastructures essentielles","Moyen",61,"Aucune bibliothèque scolaire recensée sur le territoire."
"Savanes","Cinkassé","Cinkassé 2",1,"Réhabiliter et électrifier les bâtiments scolaires","Infrastructures essentielles","Très élevé",65,"38.9% de bâtiments construits depuis 2010 ; l'électrification nationale varie de 29% (primaire) à 66% (lycée) (UNESCO-ISU 2022)."
"Savanes","Cinkassé","Cinkassé 2",2,"Aménager des terrains de sport","Infrastructures essentielles","Très élevé",65,"Seuls 13.9% des établissements disposent d'un terrain de sport."
"Savanes","Cinkassé","Cinkassé 2",3,"Construire des bibliothèques scolaires","Infrastructures essentielles","Moyen",60,"Aucune bibliothèque scolaire recensée sur le territoire."
"Savanes","Cinkassé","Cinkassé 2",4,"Construire des blocs de toilettes et latrines améliorées","Infrastructures essentielles","Modéré",60,"106.9 points de toilettes pour 100 établissements ; au niveau national, seuls 6 à 38% des établissements disposent d'un assainissement de base (UNESCO-ISU 2022)."
"Savanes","Kpendjal","Kpendjal 1",1,"Construire de nouvelles écoles pour densifier le maillage","Couverture scolaire","Très élevé",61,"Densité de 8.4 établissements/100 km² et complétude du cycle de 100%, parmi les plus faibles du pays."
"Savanes","Kpendjal","Kpendjal 1",2,"Aménager des terrains de sport","Infrastructures essentielles","Élevé",61,"Seuls 20.7% des établissements disposent d'un terrain de sport."
"Savanes","Kpendjal","Kpendjal 1",3,"Réhabiliter et électrifier les bâtiments scolaires","Infrastructures essentielles","Élevé",61,"48.3% de bâtiments construits depuis 2010 ; l'électrification nationale varie de 29% (primaire) à 66% (lycée) (UNESCO-ISU 2022)."
"Savanes","Kpendjal","Kpendjal 1",4,"Construire des bibliothèques scolaires","Infrastructures essentielles","Moyen",56,"Aucune bibliothèque scolaire recensée sur le territoire."
"Savanes","Kpendjal","Kpendjal 1",5,"Construire des blocs de toilettes et latrines améliorées","Infrastructures essentielles","Modéré",56,"93.1 points de toilettes pour 100 établissements ; au niveau national, seuls 6 à 38% des établissements disposent d'un assainissement de base (UNESCO-ISU 2022)."
"Savanes","Kpendjal","Kpendjal 2",1,"Construire de nouvelles écoles pour densifier le maillage","Couverture scolaire","Très élevé",57,"Densité de 7.1 établissements/100 km² et complétude du cycle de 100%, parmi les plus faibles du pays."
"Savanes","Kpendjal","Kpendjal 2",2,"Développer l'offre préscolaire (jardins d'enfants)","Couverture scolaire","Très élevé",57,"Seulement 31.6 jardins d'enfants pour 100 écoles primaires."
"Savanes","Kpendjal","Kpendjal 2",3,"Aménager des terrains de sport","Infrastructures essentielles","Moyen",52,"Seuls 28.6% des établissements disposent d'un terrain de sport."
"Savanes","Kpendjal","Kpendjal 2",4,"Construire des bibliothèques scolaires","Infrastructures essentielles","Moyen",52,"Aucune bibliothèque scolaire recensée sur le territoire."
"Savanes","Kpendjal","Kpendjal 2",5,"Construire des blocs de toilettes et latrines améliorées","Infrastructures essentielles","Modéré",52,"75.9 points de toilettes pour 100 établissements ; au niveau national, seuls 6 à 38% des établissements disposent d'un assainissement de base (UNESCO-ISU 2022)."
"Savanes","Kpendjal-Ouest","Kpendjal-Ouest 1",1,"Recruter et affecter des enseignants","Capacité enseignante","Très élevé",63,"Taux d'encadrement estimé à 0 enseignants pour 100 jardins d'enfants, sous la référence nationale."
"Savanes","Kpendjal-Ouest","Kpendjal-Ouest 1",2,"Aménager des terrains de sport","Infrastructures essentielles","Élevé",63,"Seuls 24.6% des établissements disposent d'un terrain de sport."
"Savanes","Kpendjal-Ouest","Kpendjal-Ouest 1",3,"Construire des bibliothèques scolaires","Infrastructures essentielles","Moyen",58,"Aucune bibliothèque scolaire recensée sur le territoire."
"Savanes","Kpendjal-Ouest","Kpendjal-Ouest 1",4,"Construire de nouvelles écoles pour densifier le maillage","Couverture scolaire","Moyen",58,"Densité de 20.4 établissements/100 km² et complétude du cycle de 100%, parmi les plus faibles du pays."
"Savanes","Kpendjal-Ouest","Kpendjal-Ouest 1",5,"Construire des blocs de toilettes et latrines améliorées","Infrastructures essentielles","Modéré",58,"110.8 points de toilettes pour 100 établissements ; au niveau national, seuls 6 à 38% des établissements disposent d'un assainissement de base (UNESCO-ISU 2022)."
"Savanes","Kpendjal-Ouest","Kpendjal-Ouest 2",1,"Recruter et affecter des enseignants","Capacité enseignante","Très élevé",63,"Taux d'encadrement estimé à 0 enseignants pour 100 jardins d'enfants, sous la référence nationale."
"Savanes","Kpendjal-Ouest","Kpendjal-Ouest 2",2,"Aménager des terrains de sport","Infrastructures essentielles","Moyen",63,"Seuls 27.5% des établissements disposent d'un terrain de sport."
"Savanes","Kpendjal-Ouest","Kpendjal-Ouest 2",3,"Construire des bibliothèques scolaires","Infrastructures essentielles","Moyen",58,"Aucune bibliothèque scolaire recensée sur le territoire."
"Savanes","Kpendjal-Ouest","Kpendjal-Ouest 2",4,"Construire des blocs de toilettes et latrines améliorées","Infrastructures essentielles","Modéré",58,"105 points de toilettes pour 100 établissements ; au niveau national, seuls 6 à 38% des établissements disposent d'un assainissement de base (UNESCO-ISU 2022)."
"Savanes","Oti","Oti 1",1,"Réhabiliter et électrifier les bâtiments scolaires","Infrastructures essentielles","Élevé",64,"46.6% de bâtiments construits depuis 2010 ; l'électrification nationale varie de 29% (primaire) à 66% (lycée) (UNESCO-ISU 2022)."
"Savanes","Oti","Oti 1",2,"Aménager des terrains de sport","Infrastructures essentielles","Élevé",64,"Seuls 25% des établissements disposent d'un terrain de sport."
"Savanes","Oti","Oti 1",3,"Construire de nouvelles écoles pour densifier le maillage","Couverture scolaire","Moyen",64,"Densité de 15.5 établissements/100 km² et complétude du cycle de 100%, parmi les plus faibles du pays."
"Savanes","Oti","Oti 1",4,"Développer l'offre préscolaire (jardins d'enfants)","Couverture scolaire","Moyen",64,"Seulement 41.7 jardins d'enfants pour 100 écoles primaires."
"Savanes","Oti","Oti 1",5,"Construire des bibliothèques scolaires","Infrastructures essentielles","Moyen",59,"Aucune bibliothèque scolaire recensée sur le territoire."
"Savanes","Oti","Oti 2",1,"Construire de nouvelles écoles pour densifier le maillage","Couverture scolaire","Élevé",67,"Densité de 11.9 établissements/100 km² et complétude du cycle de 100%, parmi les plus faibles du pays."
"Savanes","Oti","Oti 2",2,"Construire des bibliothèques scolaires","Infrastructures essentielles","Moyen",62,"Aucune bibliothèque scolaire recensée sur le territoire."
"Savanes","Oti-Sud","Oti-Sud 1",1,"Construire de nouvelles écoles pour densifier le maillage","Couverture scolaire","Très élevé",67,"Densité de 7.5 établissements/100 km² et complétude du cycle de 100%, parmi les plus faibles du pays."
"Savanes","Oti-Sud","Oti-Sud 1",2,"Développer l'offre préscolaire (jardins d'enfants)","Couverture scolaire","Très élevé",67,"Seulement 29.1 jardins d'enfants pour 100 écoles primaires."
"Savanes","Oti-Sud","Oti-Sud 1",3,"Recruter et affecter des enseignants","Capacité enseignante","Élevé",67,"Taux d'encadrement estimé à 152.8 enseignants pour 100 jardins d'enfants, sous la référence nationale."
"Savanes","Oti-Sud","Oti-Sud 1",4,"Aménager des terrains de sport","Infrastructures essentielles","Moyen",67,"Seuls 27.6% des établissements disposent d'un terrain de sport."
"Savanes","Oti-Sud","Oti-Sud 1",5,"Construire des bibliothèques scolaires","Infrastructures essentielles","Moyen",62,"Aucune bibliothèque scolaire recensée sur le territoire."
"Savanes","Oti-Sud","Oti-Sud 2",1,"Construire de nouvelles écoles pour densifier le maillage","Couverture scolaire","Très élevé",63,"Densité de 6.9 établissements/100 km² et complétude du cycle de 100%, parmi les plus faibles du pays."
"Savanes","Oti-Sud","Oti-Sud 2",2,"Développer l'offre préscolaire (jardins d'enfants)","Couverture scolaire","Très élevé",63,"Seulement 21.6 jardins d'enfants pour 100 écoles primaires."
"Savanes","Oti-Sud","Oti-Sud 2",3,"Aménager des terrains de sport","Infrastructures essentielles","Élevé",63,"Seuls 17.4% des établissements disposent d'un terrain de sport."
"Savanes","Oti-Sud","Oti-Sud 2",4,"Recruter et affecter des enseignants","Capacité enseignante","Élevé",63,"Taux d'encadrement estimé à 152.7 enseignants pour 100 jardins d'enfants, sous la référence nationale."
"Savanes","Oti-Sud","Oti-Sud 2",5,"Construire des bibliothèques scolaires","Infrastructures essentielles","Moyen",58,"Aucune bibliothèque scolaire recensée sur le territoire."
"Savanes","Tandjoaré","Tandjoaré 1",1,"Aménager des terrains de sport","Infrastructures essentielles","Élevé",72,"Seuls 24% des établissements disposent d'un terrain de sport."
"Savanes","Tandjoaré","Tandjoaré 1",2,"Recruter et affecter des enseignants","Capacité enseignante","Élevé",72,"Taux d'encadrement estimé à 150.3 enseignants pour 100 jardins d'enfants, sous la référence nationale."
"Savanes","Tandjoaré","Tandjoaré 1",3,"Construire des bibliothèques scolaires","Infrastructures essentielles","Moyen",67,"Aucune bibliothèque scolaire recensée sur le territoire."
"Savanes","Tandjoaré","Tandjoaré 1",4,"Construire des blocs de toilettes et latrines améliorées","Infrastructures essentielles","Modéré",67,"73.1 points de toilettes pour 100 établissements ; au niveau national, seuls 6 à 38% des établissements disposent d'un assainissement de base (UNESCO-ISU 2022)."
"Savanes","Tandjoaré","Tandjoaré 2",1,"Recruter et affecter des enseignants","Capacité enseignante","Élevé",71,"Taux d'encadrement estimé à 150.4 enseignants pour 100 jardins d'enfants, sous la référence nationale."
"Savanes","Tandjoaré","Tandjoaré 2",2,"Aménager des terrains de sport","Infrastructures essentielles","Élevé",71,"Seuls 25% des établissements disposent d'un terrain de sport."
"Savanes","Tandjoaré","Tandjoaré 2",3,"Construire des bibliothèques scolaires","Infrastructures essentielles","Moyen",66,"Aucune bibliothèque scolaire recensée sur le territoire."
"Savanes","Tandjoaré","Tandjoaré 2",4,"Construire des blocs de toilettes et latrines améliorées","Infrastructures essentielles","Modéré",66,"78 points de toilettes pour 100 établissements ; au niveau national, seuls 6 à 38% des établissements disposent d'un assainissement de base (UNESCO-ISU 2022)."
"Savanes","Tône","Tône 1",1,"Aménager des terrains de sport","Infrastructures essentielles","Élevé",83,"Seuls 22.5% des établissements disposent d'un terrain de sport."
"Savanes","Tône","Tône 1",2,"Construire des bibliothèques scolaires","Infrastructures essentielles","Moyen",78,"Aucune bibliothèque scolaire recensée sur le territoire."
"Savanes","Tône","Tône 1",3,"Construire des blocs de toilettes et latrines améliorées","Infrastructures essentielles","Modéré",78,"80.5 points de toilettes pour 100 établissements ; au niveau national, seuls 6 à 38% des établissements disposent d'un assainissement de base (UNESCO-ISU 2022)."
"Savanes","Tône","Tône 2",1,"Aménager des terrains de sport","Infrastructures essentielles","Élevé",64,"Seuls 17.4% des établissements disposent d'un terrain de sport."
"Savanes","Tône","Tône 2",2,"Construire des bibliothèques scolaires","Infrastructures essentielles","Moyen",59,"Aucune bibliothèque scolaire recensée sur le territoire."
"Savanes","Tône","Tône 2",3,"Construire des blocs de toilettes et latrines améliorées","Infrastructures essentielles","Modéré",59,"68.5 points de toilettes pour 100 établissements ; au niveau national, seuls 6 à 38% des établissements disposent d'un assainissement de base (UNESCO-ISU 2022)."
"Savanes","Tône","Tône 3",1,"Réhabiliter et électrifier les bâtiments scolaires","Infrastructures essentielles","Moyen",64,"50.5% de bâtiments construits depuis 2010 ; l'électrification nationale varie de 29% (primaire) à 66% (lycée) (UNESCO-ISU 2022)."
"Savanes","Tône","Tône 3",2,"Aménager des terrains de sport","Infrastructures essentielles","Moyen",64,"Seuls 26.4% des établissements disposent d'un terrain de sport."
"Savanes","Tône","Tône 3",3,"Construire des bibliothèques scolaires","Infrastructures essentielles","Moyen",59,"Aucune bibliothèque scolaire recensée sur le territoire."
"Savanes","Tône","Tône 3",4,"Construire des blocs de toilettes et latrines améliorées","Infrastructures essentielles","Modéré",59,"82.1 points de toilettes pour 100 établissements ; au niveau national, seuls 6 à 38% des établissements disposent d'un assainissement de base (UNESCO-ISU 2022)."
"Savanes","Tône","Tône 4",1,"Aménager des terrains de sport","Infrastructures essentielles","Moyen",67,"Seuls 27.1% des établissements disposent d'un terrain de sport."
"Savanes","Tône","Tône 4",2,"Construire des bibliothèques scolaires","Infrastructures essentielles","Moyen",62,"Aucune bibliothèque scolaire recensée sur le territoire."
"Savanes","Tône","Tône 4",3,"Construire des blocs de toilettes et latrines améliorées","Infrastructures essentielles","Modéré",62,"85.6 points de toilettes pour 100 établissements ; au niveau national, seuls 6 à 38% des établissements disposent d'un assainissement de base (UNESCO-ISU 2022)."
