FID,region_nom_bdd,prefecture_nom_bdd,commune_nom_bdd,canton_nom_bdd,nom_localite,etab_nom,etab_adresse,etab_jour,etab_creation_date,activite_statut,activite_categorie,geometry
_mview_creche_creches.fid--830921d_193d30b9dbd_5e68,Maritime,Agoè-Nyivé,Agoè-Nyivé 1,Agoè-Nyivé,LOGOPE,Creche Les Precieux,Néant,"{Lundi,Mardi,Mercredi,jeudi,Vendredi}",2019,{Construit et Utilise},Dans une ecole ou jardin d enfant,POINT (1.175383671385439 6.232605647056791)
_mview_creche_creches.fid--830921d_193d30b9dbd_5e69,Maritime,Agoè-Nyivé,Agoè-Nyivé 3,Vakpossito,VAKPOSSITO,Creche Anastasia,Nsp,"{Lundi,Mardi,Mercredi,jeudi,Vendredi}",2018,{Construit et Utilise},Creche Privee,POINT (1.1567163413293873 6.218642072720324)
_mview_creche_creches.fid--830921d_193d30b9dbd_5e6a,Maritime,Agoè-Nyivé,Agoè-Nyivé 5,Sanguera,NANEGBE,Cspl Immaculee Garderie,Néant,N/a,2018,{Ferme},Dans une ecole ou jardin d enfant,POINT (1.1521363973154353 6.228406803256506)
_mview_creche_creches.fid--830921d_193d30b9dbd_5e6b,Maritime,Golfe,Golfe 4,Amoutivé,NYEKONAKPOE,Creche La Perseverance,NYEKONAKPOE,"{lundi,mardi,mercredi,jeudi,vendredi}",2005,N/a,Creche Privee,POINT (1.207685 6.1263000000000005)
_mview_creche_creches.fid--830921d_193d30b9dbd_5e6c,Maritime,Golfe,Golfe 4,Amoutivé,LOMÉ KODOMÉ,Creche Garderie L Ilot Calin,Néant,"{Lundi,Mardi,Mercredi,jeudi,Vendredi}",2018,{Construit et Utilise},Creche Privee,POINT (1.2063566666666667 6.143296666666667)
_mview_creche_creches.fid--830921d_193d30b9dbd_5e6d,Maritime,Golfe,Golfe 4,Amoutivé,HANOUKOPE,Creche Ami Des Enfants,Nsp,"{Lundi,Mardi,Mercredi,jeudi,Vendredi}",2016,{Construit et Utilise},Creche Privee,POINT (1.2159055799816836 6.134354639583801)
_mview_creche_creches.fid--830921d_193d30b9dbd_5e6e,Maritime,Golfe,Golfe 4,Amoutivé,NYEKONAKPOE,Jardin D Eveil,Néant,"{Lundi,Mardi,Mercredi,jeudi,Vendredi}",2017,{Construit et Utilise},Creche Privee,POINT (1.205711043833601 6.126465714096562)
_mview_creche_creches.fid--830921d_193d30b9dbd_5e6f,Maritime,Golfe,Golfe 5,Aflao-Gakli,VAKPOSSITO,Ecole International Les Danny S,Nsp,"{Lundi,Mardi,Mercredi,jeudi,Vendredi}",2018,{Construit et Utilise},Creche Privee,POINT (1.1641833333333333 6.211395)
_mview_creche_creches.fid--830921d_193d30b9dbd_5e70,Maritime,Golfe,Golfe 5,Aflao-Gakli,TOTSI,Creche Baby Recre,Nsp,N/a,Nsp,{Construit et Utilise},Creche Privee,POINT (1.192276331498567 6.187822531308085)
_mview_creche_creches.fid--830921d_193d30b9dbd_5e71,Maritime,Golfe,Golfe 5,Aflao-Gakli,AVEDJI,Creche Internationale La Gloire,Néant,"{Lundi,Mardi,Mercredi,jeudi,Vendredi,Samedi}",2019,{Construit et Utilise},Creche Privee,POINT (1.1766342095086928 6.183567910835659)
_mview_creche_creches.fid--830921d_193d30b9dbd_5e72,Maritime,Golfe,Golfe 5,Aflao-Gakli,TOTSI GBLINKOME,Tabitha Houses Care,Néant,"{Lundi,Mardi,Mercredi,jeudi,Vendredi,Samedi}",2021,{Construit et Utilise},Creche Privee,POINT (1.18381835642098 6.18991398637383)
_mview_creche_creches.fid--830921d_193d30b9dbd_5e73,Maritime,Golfe,Golfe 5,Aflao-Gakli,AGBALEPEDOGAN,Creche Lucile Et Les Tout Petits,"AGBALEPEDOGAN, Lome","{Lundi,Mardi,Mercredi,jeudi,Vendredi}",2014,{Construit et Utilise},Dans une ecole ou jardin d enfant,POINT (1.195272592424835 6.188252516416944)
_mview_creche_creches.fid--830921d_193d30b9dbd_5e74,Maritime,Golfe,Golfe 5,Aflao-Gakli,AGBALEPEDOGAN,Creche Ma Grande Famille,"Agbalepedo, Lomé","{Lundi,Mardi,Mercredi,jeudi,Vendredi}",2018,{Construit et Utilise},Dans une ecole ou jardin d enfant,POINT (1.1984285786509654 6.18572349537525)
_mview_creche_creches.fid--830921d_193d30b9dbd_5e75,Maritime,Golfe,Golfe 6,Baguida,LUSOLIN,Crèches Glory Convenant,Nsp,"{Vendredi,jeudi,Mercredi,Mardi,Lundi}",2019,{Construit et Utilise},Creche Privee,POINT (1.3151803001699591 6.160970212026456)
_mview_creche_creches.fid--830921d_193d30b9dbd_5e76,Maritime,Golfe,Golfe 7,Aflao-Sagbado,SEGBE,Esther Mira Creche,Néant,"{Lundi,Mardi,Mercredi,jeudi,Vendredi}",2021,{Construit et Utilise},Dans une ecole ou jardin d enfant,POINT (1.121755 6.191046666666667)
_mview_creche_creches.fid--830921d_193d30b9dbd_5e77,Maritime,Golfe,Golfe 7,Aflao-Sagbado,WONYOME,Creche Simone,Néant,"{Lundi,Mardi,Mercredi,jeudi,Vendredi,Samedi}",2020,{Construit et Utilise},Creche Privee,POINT (1.159365 6.182036666666666)
_mview_creche_creches.fid--830921d_193d30b9dbd_5e78,Maritime,Golfe,Golfe 7,Aflao-Sagbado,APEDOKOE,Creche Doremi,Néant,"{Lundi,Mardi,Mercredi,jeudi,Vendredi}",2017,{Construit et Utilise},Creche Privee,POINT (1.140345 6.205358333333334)
_mview_creche_creches.fid--830921d_193d30b9dbd_5e79,Maritime,Golfe,Golfe 7,Aflao-Sagbado,AKATO MASSEME COPE,Creche Ong Cador,Nsp,"{Lundi,Mardi,Mercredi,jeudi,Vendredi,Samedi,Dimanche}",2012,{Construit et Utilise},autre,POINT (1.091515 6.190241666666666)
_mview_creche_creches.fid--830921d_193d30b9dbd_5e7a,Maritime,Golfe,Golfe 7,Aflao-Sagbado,LANKOUVI,Creche Citoyen Du Monde,Nsp,"{Lundi,Mardi,Mercredi,jeudi,Vendredi}",2019,{Construit et Utilise},Creche Privee,POINT (1.1308700534499712 6.177698148826458)
_mview_creche_creches.fid--830921d_193d30b9dbd_5e7b,Maritime,Golfe,Golfe 7,Aflao-Sagbado,WONYOME,Creche Laurenne,04 BP 243 Lomé Togo,"{Lundi,Mardi,Mercredi,jeudi,Vendredi}",2021,{Construit et Utilise},Creche Privee,POINT (1.1528464 6.1880857)
_mview_creche_creches.fid--830921d_193d30b9dbd_5e7c,Maritime,Golfe,Golfe 7,Aflao-Sagbado,APEDOKOE GBOMAME,Creche Espace Enfants Les Tresors,Néant,"{Samedi,Vendredi,jeudi,Mercredi,Mardi,Lundi}",2021,{Construit et Utilise},Creche Privee,POINT (1.1429966666666669 6.203051666666666)
_mview_creche_creches.fid--830921d_193d30b9dbd_5e7d,Maritime,Golfe,Golfe 7,Aflao-Sagbado,KLEME AGOKPANOU,Creche Gratias,Nsp,"{Lundi,Mardi,Mercredi,jeudi,Vendredi}",2019,{Construit et Utilise},Creche Privee,POINT (1.105776083550045 6.216904255619735)
_mview_creche_creches.fid--830921d_193d30b9dbd_5e7e,Maritime,Golfe,Golfe 7,Aflao-Sagbado,GBOMAME,Cs La Providence La Mere Maria Adreoli,04 BP 484 LOME,"{Mardi,Lundi,Mercredi,jeudi,Vendredi}",2020,{Construit et Utilise},Creche Privee,POINT (1.1295816666666667 6.203525)
_mview_creche_creches.fid--830921d_193d30b9dbd_5e7f,Maritime,Golfe,Golfe 7,Aflao-Sagbado,WOUGOME DEKPO,Creche Pierrette Et Les Petits Anges,18 BP 62 LOME AVETI,"{Lundi,Mardi,Mercredi,jeudi,Vendredi,Samedi}",2019,{Construit et Utilise},Creche Privee,POINT (1.1140506837755069 6.2219226377198)
_mview_creche_creches.fid--830921d_193d30b9dbd_5e80,Maritime,Golfe,Golfe 7,Aflao-Sagbado,SAGBADO,Creche Isyd,Nsp,"{Lundi,Mardi,Mercredi,jeudi,Vendredi}",2018,{Construit et Utilise},Creche Privee,POINT (1.1430034968369753 6.190599988556361)
_mview_creche_creches.fid--830921d_193d30b9dbd_5e81,Maritime,Golfe,Golfe 7,Aflao-Sagbado,LOGOTE,Crèche Maison De Paix Des Enfants Grâce Et Gloire,Nsp,"{Lundi,Mardi,Mercredi,jeudi,Vendredi}",2018,{Construit et Utilise},Creche Privee,POINT (1.13047720891108 6.1908011720422875)
_mview_creche_creches.fid--830921d_193d30b9dbd_5e82,Maritime,Golfe,Golfe 7,Aflao-Sagbado,LOGOTE,Creche L' Ile Heureuse,Nsp,"{Lundi,Mardi,Mercredi,jeudi,Vendredi}",2021,{Construit et Utilise},Creche Privee,POINT (1.126334853846852 6.196626443237701)
_mview_creche_creches.fid--830921d_193d30b9dbd_5e83,Plateaux,Kloto,Kloto 1,Agome-Kpalime,KPEGOLONOU,Creche Novissi De Kpegolonou,Néant,"{Lundi,Mardi,Mercredi,jeudi,Vendredi}",2020,{autre},Creche Privee,POINT (0.6197 6.9204533333333345)
_mview_creche_creches.fid--830921d_193d30b9dbd_5e84,Plateaux,Kloto,Kloto 1,Agome-Kpalime,TOTSOANYI,Creche Tabitha Totsuanyi,BP 558 KPALIME TIGO,"{Lundi,Mardi,Mercredi,jeudi,Vendredi}",2007,{Construit et Utilise},Creche Privee,POINT (0.6291032193159263 6.909350333311519)
_mview_creche_creches.fid--830921d_193d30b9dbd_5e85,Maritime,Golfe,Golfe 1,Bè-Est,KAGOME,Epl Jesus Roi Des Roi Creche,Néant,"{Mercredi,Mardi,Lundi,jeudi,Vendredi}",2019,{Construit et Utilise},Dans une ecole ou jardin d enfant,POINT (1.298477520910902 6.176233654463831)
_mview_creche_creches.fid--830921d_193d30b9dbd_5e86,Maritime,Golfe,Golfe 1,Bè-Est,DIDJENOU,La Garderie Ayewozana,Nsp,N/a,Nsp,{Ferme},Creche Privee,POINT (1.268945 6.155125)
_mview_creche_creches.fid--830921d_193d30b9dbd_5e87,Maritime,Golfe,Golfe 1,Bè-Est,KPOTA,Garderie La Grace De Dieu,Néant,"{Lundi,Mardi,Mercredi,jeudi,Vendredi}",2019,{Construit et Utilise},Dans une ecole ou jardin d enfant,POINT (1.2664910293785054 6.157740469699473)
_mview_creche_creches.fid--830921d_193d30b9dbd_5e88,Maritime,Golfe,Golfe 1,Bè-Est,AKODESSEWA,Les Petits Tresors,Nsp,"{Lundi,Mardi,jeudi,Vendredi}",Nsp,Nsp,Nsp,POINT (1.2617933333333333 6.152611666666667)
_mview_creche_creches.fid--830921d_193d30b9dbd_5e89,Maritime,Golfe,Golfe 1,Bè-Est,ATTIEGOU,Ipl Les Savoirs Creche,Nsp,"{Lundi,Mardi,Mercredi,jeudi,Vendredi}",2002,{Construit et Utilise},Dans une ecole ou jardin d enfant,POINT (1.2713101992271827 6.18665037587854)
_mview_creche_creches.fid--830921d_193d30b9dbd_5e8a,Maritime,Golfe,Golfe 1,Bè-Est,ADAKPAME,Garderie La Franchise,BP 60997,"{Lundi,Mardi,Mercredi,jeudi,Vendredi}",Nsp,{Construit et Utilise},Creche Privee,POINT (1.2853083333333333 6.164261666666666)
